2026-05-30T18:56:52,GoldFish,0.633,12.5,27.7,452.0,29.0,Adult,529,389,640,635
2026-05-30T18:56:52,GoldFish,0.766,18.7,13.6,319.0,97.8,Adult,405,223,640,394
2026-05-30T18:56:54,GoldFish,0.661,18.6,37.2,571.0,96.2,Adult,509,328,640,590
2026-05-30T18:56:54,GoldFish,0.597,21.4,41.3,582.0,146.9,Adult,492,298,640,583
2026-05-30T18:56:54,GoldFish,0.700,24.9,46.2,618.0,232.1,Adult,477,252,639,552
2026-05-30T18:56:54,GoldFish,0.720,28.1,44.5,631.0,334.4,Adult,460,258,639,541
2026-05-30T18:56:55,ClownFish,0.587,32.3,45.4,658.0,572.4,Adult,443,252,640,529
2026-05-30T18:56:55,ClownFish,0.826,34.4,44.7,673.0,695.8,Adult,434,254,639,521
2026-05-30T18:56:55,GoldFish,0.787,36.5,46.1,704.0,736.8,Adult,426,251,634,514
2026-05-30T18:56:55,GoldFish,0.802,36.1,46.5,721.0,712.7,Adult,416,252,617,511
2026-05-30T18:56:55,GoldFish,0.854,32.5,44.2,721.0,518.9,Adult,422,262,603,508
2026-05-30T18:56:55,GoldFish,0.845,32.6,42.7,739.0,523.8,Adult,426,269,603,501
2026-05-30T18:56:55,GoldFish,0.808,35.7,41.0,739.0,689.1,Adult,429,272,623,495
2026-05-30T18:56:55,GoldFish,0.700,26.8,29.8,561.0,289.9,Adult,199,248,391,461
2026-05-30T18:56:55,GoldFish,0.803,37.3,41.1,757.0,786.6,Adult,435,270,633,488
2026-05-30T18:56:55,GoldFish,0.728,24.4,38.0,704.0,218.3,Adult,164,263,303,480
2026-05-30T18:56:55,GoldFish,0.532,38.1,41.8,777.0,838.7,Adult,440,266,637,482
2026-05-30T18:56:55,ClownFish,0.776,36.8,41.4,777.0,857.6,Adult,449,262,639,476
2026-05-30T18:56:56,GoldFish,0.729,32.5,41.3,797.0,518.9,Adult,475,252,639,460
2026-05-30T18:56:56,GoldFish,0.652,30.2,41.1,797.0,415.8,Adult,487,250,639,457
2026-05-30T18:56:56,GoldFish,0.698,29.8,41.1,797.0,399.3,Adult,489,252,639,459
2026-05-30T18:56:56,GoldFish,0.705,31.6,38.3,739.0,476.7,Adult,302,356,474,564
2026-05-30T18:56:56,GoldFish,0.519,26.0,43.3,797.0,264.5,Adult,509,250,640,468
2026-05-30T18:56:56,GoldFish,0.612,31.0,34.9,688.0,449.9,Adult,334,370,515,574
2026-05-30T18:56:57,ClownFish,0.638,19.4,21.6,673.0,117.9,Adult,524,505,640,634
2026-05-30T18:56:57,GoldFish,0.760,26.8,36.0,841.0,289.9,Adult,299,365,427,537
2026-05-30T18:56:57,GoldFish,0.527,23.0,43.5,777.0,182.7,Adult,521,251,640,476
2026-05-30T18:56:57,GoldFish,0.685,22.2,30.2,891.0,164.1,Adult,283,353,383,489
2026-05-30T18:56:57,GoldFish,0.664,20.3,30.9,918.0,125.3,Adult,284,351,373,486
2026-05-30T18:56:57,GoldFish,0.588,23.8,43.1,777.0,202.5,Adult,517,254,640,477
2026-05-30T18:56:57,GoldFish,0.571,20.1,30.2,918.0,121.6,Adult,286,352,374,484
2026-05-30T18:56:57,GoldFish,0.533,20.2,31.1,891.0,123.4,Adult,289,345,380,485
2026-05-30T18:56:58,GoldFish,0.828,23.4,51.8,797.0,192.4,Adult,522,213,640,474
2026-05-30T18:56:58,GoldFish,0.563,19.7,31.7,891.0,114.4,Adult,291,344,380,487
2026-05-30T18:56:58,GoldFish,0.778,24.6,45.4,797.0,223.8,Adult,516,243,640,472
2026-05-30T18:56:58,GoldFish,0.796,24.2,44.1,797.0,213.0,Adult,518,248,640,470
2026-05-30T18:56:58,GoldFish,0.539,20.6,31.5,918.0,130.9,Adult,289,343,379,481
2026-05-30T18:56:58,GoldFish,0.820,24.6,43.7,797.0,223.8,Adult,515,249,639,469
2026-05-30T18:56:58,GoldFish,0.804,24.4,43.7,797.0,218.3,Adult,516,250,639,470
2026-05-30T18:56:58,GoldFish,0.787,24.2,43.5,797.0,213.0,Adult,517,249,639,468
2026-05-30T18:56:58,GoldFish,0.586,24.0,38.7,777.0,207.7,Adult,192,288,316,488
2026-05-30T18:56:58,GoldFish,0.580,25.2,53.6,797.0,240.7,Adult,513,203,640,473
2026-05-30T18:56:58,GoldFish,0.742,22.8,44.9,777.0,177.9,Adult,522,244,640,476
2026-05-30T18:56:58,GoldFish,0.665,26.5,35.4,644.0,280.2,Adult,127,263,292,484
2026-05-30T18:56:58,GoldFish,0.710,23.2,47.9,757.0,187.5,Adult,517,239,640,493
2026-05-30T18:56:58,GoldFish,0.697,24.8,64.2,777.0,229.3,Adult,511,223,639,555
2026-05-30T18:56:58,GoldFish,0.621,22.1,69.7,739.0,161.9,Adult,519,189,639,568
2026-05-30T18:56:59,GoldFish,0.552,19.4,56.0,721.0,109.2,Adult,532,220,640,532
2026-05-30T18:56:59,GoldFish,0.560,22.3,61.2,721.0,166.4,Adult,516,183,640,524
2026-05-30T18:57:00,GoldFish,0.566,24.4,60.1,721.0,218.3,Adult,504,166,640,501
2026-05-30T18:57:00,GoldFish,0.830,23.7,37.1,618.0,200.0,Adult,174,163,328,404
2026-05-30T18:57:00,GoldFish,0.577,21.9,49.9,721.0,157.5,Adult,517,154,639,432
2026-05-30T18:57:01,GoldFish,0.807,19.2,61.9,606.0,105.9,Adult,513,152,640,562
2026-05-30T18:57:01,GoldFish,0.680,25.3,40.7,644.0,243.6,Adult,326,251,484,505
2026-05-30T18:57:01,GoldFish,0.546,32.1,39.5,531.0,499.9,Adult,397,255,640,554
2026-05-30T18:57:01,GoldFish,0.506,17.0,32.1,496.0,73.3,Adult,501,219,639,479
2026-05-30T18:57:01,GoldFish,0.749,22.5,38.5,505.0,170.9,Adult,461,218,640,524
2026-05-30T18:57:01,GoldFish,0.536,26.4,90.7,721.0,277.0,Adult,492,96,639,601
2026-05-30T18:57:02,GoldFish,0.538,20.2,23.8,704.0,123.4,Adult,202,228,317,364
2026-05-30T18:57:02,GoldFish,0.541,17.2,23.7,704.0,75.9,Adult,251,232,349,367
2026-05-30T18:57:02,GoldFish,0.637,18.8,28.3,673.0,99.4,Adult,266,229,378,398
2026-05-30T18:57:02,GoldFish,0.630,16.6,25.6,673.0,68.2,Adult,291,232,390,385
2026-05-30T18:57:02,GoldFish,0.601,14.9,23.4,658.0,49.2,Adult,313,224,404,367
2026-05-30T18:57:02,GoldFish,0.698,18.0,25.4,658.0,87.1,Adult,313,220,423,375
2026-05-30T18:57:02,GoldFish,0.827,25.5,35.2,673.0,249.4,Adult,298,212,450,422
2026-05-30T18:57:03,GoldFish,0.553,27.0,32.6,658.0,296.4,Adult,287,213,452,412
2026-05-30T18:57:03,GoldFish,0.684,28.0,32.9,658.0,330.9,Adult,288,206,459,407
2026-05-30T18:57:03,GoldFish,0.528,16.8,24.4,644.0,70.7,Adult,334,202,439,354
2026-05-30T18:57:04,GoldFish,0.507,20.8,27.2,658.0,134.8,Adult,308,205,435,371
2026-05-30T18:57:04,GoldFish,0.839,20.7,26.3,644.0,132.9,Adult,308,204,437,368
2026-05-30T18:57:04,GoldFish,0.810,19.3,26.2,631.0,107.5,Adult,305,207,428,374
2026-05-30T18:57:04,GoldFish,0.758,20.6,29.2,618.0,130.9,Adult,261,210,395,400
2026-05-30T18:57:04,GoldFish,0.784,29.5,31.0,561.0,387.3,Adult,112,190,323,412
2026-05-30T18:57:04,GoldFish,0.669,23.3,48.3,721.0,189.9,Adult,510,144,640,413
2026-05-30T18:57:04,GoldFish,0.608,34.4,32.1,513.0,616.1,Adult,8,161,277,412
2026-05-30T18:57:04,GoldFish,0.516,19.3,24.1,481.0,107.5,Adult,68,164,229,365
2026-05-30T18:57:04,ClownFish,0.566,26.3,59.4,704.0,302.7,Adult,490,139,640,478
2026-05-30T18:57:04,GoldFish,0.517,26.7,22.3,466.0,286.6,Adult,0,159,230,351
2026-05-30T18:57:04,GoldFish,0.579,26.4,21.4,459.0,277.0,Adult,0,158,231,345
2026-05-30T18:57:04,GoldFish,0.515,18.7,21.4,459.0,97.8,Adult,67,161,231,348
2026-05-30T18:57:05,GoldFish,0.681,26.4,21.1,459.0,277.0,Adult,0,160,231,345
2026-05-30T18:57:05,GoldFish,0.757,26.2,21.3,459.0,270.7,Adult,1,158,230,344
2026-05-30T18:57:05,GoldFish,0.693,26.8,21.8,466.0,289.9,Adult,0,155,231,343
2026-05-30T18:57:05,GoldFish,0.599,18.9,21.7,466.0,101.0,Adult,67,157,230,344
2026-05-30T18:57:05,GoldFish,0.633,26.9,21.9,466.0,293.1,Adult,0,154,232,343
2026-05-30T18:57:05,GoldFish,0.574,19.1,21.9,466.0,104.2,Adult,66,156,231,345
2026-05-30T18:57:05,GoldFish,0.603,18.7,21.1,459.0,97.8,Adult,68,159,232,344
2026-05-30T18:57:05,GoldFish,0.555,26.5,21.4,459.0,280.2,Adult,0,155,232,342
2026-05-30T18:57:05,GoldFish,0.717,26.4,21.1,459.0,277.0,Adult,0,155,231,340
2026-05-30T18:57:05,GoldFish,0.677,25.9,20.8,459.0,261.4,Adult,4,160,231,342
2026-05-30T18:57:05,GoldFish,0.655,17.6,20.8,459.0,81.4,Adult,75,158,229,340
2026-05-30T18:57:05,GoldFish,0.670,24.1,21.3,459.0,210.3,Adult,19,156,230,342
2026-05-30T18:57:05,GoldFish,0.793,26.4,21.1,459.0,277.0,Adult,1,154,232,339
2026-05-30T18:57:05,GoldFish,0.676,26.3,21.0,466.0,273.8,Adult,5,156,232,337
2026-05-30T18:57:06,ClownFish,0.765,27.3,60.1,721.0,339.8,Adult,488,140,640,475
2026-05-30T18:57:06,GoldFish,0.617,26.3,25.3,531.0,273.8,Adult,59,184,258,375
2026-05-30T18:57:06,GoldFish,0.757,27.5,26.3,541.0,313.3,Adult,56,186,260,381
2026-05-30T18:57:06,ClownFish,0.549,26.7,60.3,721.0,317.2,Adult,491,137,640,473
2026-05-30T18:57:06,GoldFish,0.724,27.5,26.4,541.0,313.3,Adult,56,185,260,381
2026-05-30T18:57:06,ClownFish,0.544,27.1,60.3,721.0,332.2,Adult,489,138,640,474
2026-05-30T18:57:06,GoldFish,0.721,26.6,27.0,531.0,283.4,Adult,27,148,228,352
2026-05-30T18:57:06,GoldFish,0.674,31.6,51.3,721.0,476.7,Adult,463,97,639,383
2026-05-30T18:57:06,ClownFish,0.706,35.7,70.5,739.0,780.6,Adult,445,0,639,383
2026-05-30T18:57:06,GoldFish,0.570,26.0,25.6,531.0,264.5,Adult,0,141,197,335
2026-05-30T18:57:06,ClownFish,0.822,40.3,68.6,757.0,1136.7,Adult,425,3,639,367
2026-05-30T18:57:07,ClownFish,0.694,32.9,47.9,721.0,606.0,Adult,435,95,618,362
2026-05-30T18:57:07,GoldFish,0.525,21.5,26.0,531.0,149.0,Adult,27,133,190,330
2026-05-30T18:57:07,ClownFish,0.578,37.0,51.5,739.0,872.2,Adult,427,84,628,364
2026-05-30T18:57:07,ClownFish,0.657,34.5,49.7,721.0,702.1,Adult,432,86,624,363
2026-05-30T18:57:07,GoldFish,0.592,17.7,25.6,531.0,82.8,Adult,54,132,188,326
2026-05-30T18:57:07,GoldFish,0.565,21.0,25.8,531.0,138.8,Adult,28,136,187,331
2026-05-30T18:57:07,GoldFish,0.645,22.7,25.4,531.0,175.6,Adult,15,132,187,324
2026-05-30T18:57:07,ClownFish,0.609,39.9,66.7,777.0,1102.0,Adult,433,16,639,361
2026-05-30T18:57:07,ClownFish,0.731,39.2,62.2,757.0,1043.2,Adult,431,35,639,365
2026-05-30T18:57:07,GoldFish,0.514,18.9,25.1,531.0,101.0,Adult,45,132,188,322
2026-05-30T18:57:07,ClownFish,0.644,40.1,68.4,757.0,1119.3,Adult,426,11,639,374
2026-05-30T18:57:07,GoldFish,0.556,21.4,25.5,531.0,146.9,Adult,26,133,188,326
2026-05-30T18:57:07,ClownFish,0.596,40.1,64.3,757.0,1119.3,Adult,426,19,639,360
2026-05-30T18:57:08,ClownFish,0.572,40.3,74.9,739.0,1136.7,Adult,420,5,639,412
2026-05-30T18:57:08,GoldFish,0.506,20.6,25.6,531.0,130.9,Adult,35,134,191,328
2026-05-30T18:57:08,GoldFish,0.515,24.9,25.5,531.0,232.1,Adult,3,134,191,327
2026-05-30T18:57:08,GoldFish,0.516,25.3,26.0,541.0,243.6,Adult,5,134,193,327
2026-05-30T18:57:08,GoldFish,0.658,25.5,26.0,541.0,249.4,Adult,3,136,192,329
2026-05-30T18:57:08,GoldFish,0.690,11.8,12.1,571.0,24.3,Adult,0,244,83,329
2026-05-30T18:57:08,GoldFish,0.558,11.0,13.5,561.0,19.7,Adult,19,274,98,371
2026-05-30T18:57:09,GoldFish,0.622,28.1,35.0,522.0,334.4,Adult,74,138,290,407
2026-05-30T18:57:10,GoldFish,0.568,8.1,13.1,466.0,7.8,Juvenile,178,255,248,368
2026-05-30T18:57:10,GoldFish,0.605,8.6,12.8,466.0,9.4,Juvenile,172,257,246,367
2026-05-30T18:57:10,GoldFish,0.634,8.2,12.2,466.0,8.1,Juvenile,170,255,241,360
2026-05-30T18:57:10,ClownFish,0.536,36.8,56.9,739.0,857.6,Adult,440,82,640,391
2026-05-30T18:57:11,GoldFish,0.606,19.4,21.1,865.0,109.2,Adult,305,151,395,249
2026-05-30T18:57:12,GoldFish,0.550,8.7,8.0,459.0,9.7,Juvenile,127,262,203,332
2026-05-30T18:57:12,GoldFish,0.570,8.6,8.5,459.0,9.4,Juvenile,128,259,203,333
2026-05-30T18:57:12,GoldFish,0.543,8.6,8.2,459.0,9.4,Juvenile,129,260,204,332
2026-05-30T18:57:13,GoldFish,0.527,20.6,16.5,819.0,130.9,Adult,329,138,430,219
2026-05-30T18:57:13,GoldFish,0.595,20.8,16.7,819.0,134.8,Adult,328,138,430,220
2026-05-30T18:57:13,GoldFish,0.731,19.5,24.0,481.0,110.9,Adult,182,114,345,314
2026-05-30T18:57:13,GoldFish,0.607,35.5,22.4,891.0,677.5,Adult,329,113,489,214
2026-05-30T18:57:14,ClownFish,0.567,38.5,61.3,739.0,986.5,Adult,431,109,640,442
2026-05-30T18:57:14,ClownFish,0.578,36.8,60.5,739.0,857.6,Adult,439,112,639,441
2026-05-30T18:57:14,GoldFish,0.722,30.2,16.9,819.0,415.8,Adult,296,132,444,215
2026-05-30T18:57:14,ClownFish,0.644,35.9,51.2,739.0,794.3,Adult,445,108,640,386
2026-05-30T18:57:14,GoldFish,0.682,19.2,21.0,819.0,105.9,Adult,329,132,423,235
2026-05-30T18:57:14,GoldFish,0.555,34.6,47.6,721.0,626.9,Adult,446,95,639,360
2026-05-30T18:57:14,GoldFish,0.519,35.5,51.5,721.0,677.5,Adult,441,88,639,375
2026-05-30T18:57:15,GoldFish,0.562,29.1,24.7,841.0,371.7,Adult,281,123,420,241
2026-05-30T18:57:15,GoldFish,0.699,20.1,21.8,841.0,121.6,Adult,324,122,420,226
2026-05-30T18:57:15,GoldFish,0.580,36.1,52.6,721.0,712.7,Adult,439,82,640,375
2026-05-30T18:57:15,GoldFish,0.501,20.3,18.2,841.0,125.3,Adult,324,120,421,207
2026-05-30T18:57:15,GoldFish,0.616,19.6,15.7,819.0,112.7,Adult,327,121,423,198
2026-05-30T18:57:15,GoldFish,0.512,35.9,47.8,721.0,700.8,Adult,440,86,640,352
2026-05-30T18:57:15,GoldFish,0.605,36.8,49.5,739.0,755.2,Adult,440,85,640,354
2026-05-30T18:57:15,GoldFish,0.560,36.4,48.2,739.0,730.7,Adult,442,87,640,349
2026-05-30T18:57:16,GoldFish,0.512,36.2,48.2,739.0,718.7,Adult,443,90,640,352
2026-05-30T18:57:16,ClownFish,0.541,35.9,51.0,739.0,794.3,Adult,444,89,639,366
2026-05-30T18:57:16,ClownFish,0.544,35.7,49.1,739.0,780.6,Adult,446,86,640,353
2026-05-30T18:57:16,ClownFish,0.520,35.9,48.6,739.0,794.3,Adult,444,88,639,352
2026-05-30T18:57:17,GoldFish,0.588,37.2,48.4,739.0,780.3,Adult,437,85,639,348
2026-05-30T18:57:17,GoldFish,0.554,37.0,47.5,739.0,767.7,Adult,438,90,639,348
2026-05-30T18:57:17,GoldFish,0.905,23.5,18.4,841.0,194.9,Adult,330,130,442,218
2026-05-30T18:57:17,GoldFish,0.834,22.4,18.1,819.0,168.6,Adult,333,130,443,219
2026-05-30T18:57:18,GoldFish,0.673,22.2,17.7,819.0,164.1,Adult,334,130,443,217
2026-05-30T18:57:18,GoldFish,0.576,36.4,59.1,739.0,730.7,Adult,441,82,639,403
2026-05-30T18:57:18,GoldFish,0.735,22.6,17.3,819.0,173.2,Adult,333,130,444,215
2026-05-30T18:57:18,GoldFish,0.527,22.4,17.1,819.0,168.6,Adult,334,129,444,213
2026-05-30T18:57:18,GoldFish,0.558,35.9,49.3,739.0,700.8,Adult,444,79,639,347
2026-05-30T18:57:18,GoldFish,0.534,22.4,18.6,841.0,168.6,Adult,329,125,436,214
2026-05-30T18:57:18,GoldFish,0.603,35.5,48.6,721.0,677.5,Adult,442,81,640,352
2026-05-30T18:57:18,GoldFish,0.580,20.9,19.9,841.0,136.8,Adult,318,124,418,219
2026-05-30T18:57:18,GoldFish,0.677,35.0,48.1,721.0,649.1,Adult,444,78,639,346
2026-05-30T18:57:18,GoldFish,0.771,35.0,47.9,721.0,649.1,Adult,444,79,639,346
2026-05-30T18:57:18,GoldFish,0.663,35.9,48.6,739.0,700.8,Adult,444,81,639,345
2026-05-30T18:57:19,GoldFish,0.755,38.0,25.9,522.0,832.1,Adult,347,0,639,199
2026-05-30T18:57:19,GoldFish,0.665,24.5,16.4,319.0,221.1,Adult,331,2,639,209
2026-05-30T18:57:19,ClownFish,0.579,37.0,57.6,721.0,872.2,Adult,433,76,639,397
2026-05-30T18:57:19,GoldFish,0.734,28.9,31.3,379.0,364.0,Adult,334,6,640,338
2026-05-30T18:57:19,GoldFish,0.775,27.7,37.5,551.0,320.3,Adult,438,62,640,335
2026-05-30T18:57:19,GoldFish,0.516,28.8,36.5,582.0,360.2,Adult,441,58,640,310
2026-05-30T18:57:19,GoldFish,0.627,14.9,10.6,819.0,49.2,Adult,291,129,364,181
2026-05-30T18:57:20,GoldFish,0.737,22.4,23.2,541.0,168.6,Adult,269,125,435,297
2026-05-30T18:57:20,GoldFish,0.713,18.9,23.6,571.0,101.0,Adult,257,138,390,304
2026-05-30T18:57:20,ButterflyFish,0.655,13.1,11.3,356.0,35.9,Adult,491,0,639,127
2026-05-30T18:57:20,GoldFish,0.648,19.4,24.7,594.0,109.2,Adult,251,147,382,314
2026-05-30T18:57:21,GoldFish,0.618,19.4,25.1,594.0,109.2,Adult,250,148,381,318
2026-05-30T18:57:21,GoldFish,0.722,18.0,25.9,594.0,87.1,Adult,247,151,369,326
2026-05-30T18:57:21,GoldFish,0.532,15.5,29.3,594.0,55.5,Adult,248,152,353,350
2026-05-30T18:57:21,GoldFish,0.524,10.9,28.5,582.0,19.2,Adult,243,152,318,349
2026-05-30T18:57:21,GoldFish,0.587,10.8,32.3,571.0,18.6,Adult,239,154,315,381
2026-05-30T18:57:21,GoldFish,0.537,10.8,31.8,571.0,18.6,Adult,240,154,316,378
2026-05-30T18:57:21,GoldFish,0.614,10.2,30.7,571.0,15.7,Adult,242,153,314,369
2026-05-30T18:57:21,GoldFish,0.642,10.9,32.3,582.0,19.2,Adult,241,154,316,377
2026-05-30T18:57:21,GoldFish,0.608,10.7,33.2,582.0,18.1,Adult,242,153,316,382
2026-05-30T18:57:21,GoldFish,0.621,10.9,33.2,582.0,19.2,Adult,242,153,317,382
2026-05-30T18:57:22,GoldFish,0.613,10.7,32.8,571.0,18.1,Adult,241,153,316,384
2026-05-30T18:57:22,GoldFish,0.640,10.7,32.8,571.0,18.1,Adult,240,154,315,385
2026-05-30T18:57:22,GoldFish,0.626,10.4,31.8,571.0,16.6,Adult,241,153,314,377
2026-05-30T18:57:22,GoldFish,0.645,10.9,33.1,571.0,19.2,Adult,240,154,317,387
2026-05-30T18:57:22,GoldFish,0.639,10.7,33.0,571.0,18.1,Adult,238,154,313,386
2026-05-30T18:57:22,ButterflyFish,0.501,12.6,11.0,344.0,31.8,Adult,492,0,639,128
2026-05-30T18:57:22,GoldFish,0.661,10.4,33.6,571.0,16.6,Adult,237,154,310,390
2026-05-30T18:57:22,GoldFish,0.720,10.5,33.6,571.0,17.1,Adult,237,154,311,390
2026-05-30T18:57:22,GoldFish,0.633,10.7,33.3,571.0,18.1,Adult,238,154,313,388
2026-05-30T18:57:22,GoldFish,0.686,10.7,33.3,571.0,18.1,Adult,238,154,313,388
2026-05-30T18:57:22,GoldFish,0.736,10.4,33.9,582.0,16.6,Adult,238,154,310,388
2026-05-30T18:57:22,GoldFish,0.730,10.6,33.8,582.0,17.6,Adult,240,153,313,386
2026-05-30T18:57:23,GoldFish,0.750,10.7,32.6,571.0,18.1,Adult,239,153,314,382
2026-05-30T18:57:23,GoldFish,0.579,44.2,46.6,1082.0,1313.4,Adult,344,108,508,281
2026-05-30T18:57:23,GoldFish,0.791,10.5,33.7,571.0,17.1,Adult,237,154,311,391
2026-05-30T18:57:23,GoldFish,0.771,10.4,34.0,571.0,16.6,Adult,236,154,309,393
2026-05-30T18:57:23,GoldFish,0.626,10.2,33.8,571.0,15.7,Adult,235,154,307,392
2026-05-30T18:57:23,GoldFish,0.657,10.1,29.9,571.0,15.2,Adult,235,154,306,364
2026-05-30T18:57:23,GoldFish,0.612,10.1,29.4,571.0,15.2,Adult,234,155,305,362
2026-05-30T18:57:23,GoldFish,0.687,10.1,30.0,571.0,15.2,Adult,235,155,306,366
2026-05-30T18:57:23,GoldFish,0.643,10.1,31.2,582.0,15.2,Adult,238,154,308,369
2026-05-30T18:57:23,GoldFish,0.786,10.7,34.1,582.0,18.1,Adult,236,153,310,388
2026-05-30T18:57:23,GoldFish,0.798,10.7,33.8,582.0,18.1,Adult,237,153,311,386
2026-05-30T18:57:23,GoldFish,0.791,11.3,33.8,582.0,21.4,Adult,236,154,314,387
2026-05-30T18:57:23,GoldFish,0.776,35.6,44.2,1082.0,683.3,Adult,346,135,478,299
2026-05-30T18:57:24,GoldFish,0.837,11.6,33.9,582.0,23.1,Adult,237,153,317,387
2026-05-30T18:57:24,GoldFish,0.594,37.4,52.2,1122.0,793.0,Adult,338,131,472,318
2026-05-30T18:57:24,GoldFish,0.834,12.3,33.9,582.0,27.6,Adult,236,152,321,386
2026-05-30T18:57:24,GoldFish,0.712,36.0,50.6,1122.0,706.7,Adult,334,132,463,313
2026-05-30T18:57:24,GoldFish,0.823,13.5,32.8,594.0,36.5,Adult,237,152,328,374
2026-05-30T18:57:24,GoldFish,0.602,36.5,62.9,1165.0,736.8,Adult,331,132,457,349
2026-05-30T18:57:24,GoldFish,0.833,17.3,29.1,594.0,77.3,Adult,229,152,346,349
2026-05-30T18:57:24,GoldFish,0.691,32.5,50.2,1165.0,518.9,Adult,338,133,450,306
2026-05-30T18:57:24,ButterflyFish,0.513,12.9,10.2,329.0,34.2,Adult,482,0,639,125
2026-05-30T18:57:24,GoldFish,0.769,18.0,27.1,594.0,87.1,Adult,225,151,347,334
2026-05-30T18:57:24,GoldFish,0.737,29.9,52.2,1165.0,403.4,Adult,345,135,448,315
2026-05-30T18:57:24,ButterflyFish,0.554,12.4,10.0,322.0,30.3,Adult,484,0,639,125
2026-05-30T18:57:24,GoldFish,0.748,17.3,25.3,594.0,77.3,Adult,223,150,340,321
2026-05-30T18:57:24,GoldFish,0.742,30.8,50.4,1211.0,441.2,Adult,344,135,446,302
2026-05-30T18:57:24,GoldFish,0.662,18.5,25.6,594.0,94.6,Adult,221,151,346,324
2026-05-30T18:57:24,GoldFish,0.660,30.5,50.7,1211.0,428.4,Adult,344,136,445,304
2026-05-30T18:57:24,GoldFish,0.759,30.5,50.4,1211.0,428.4,Adult,345,136,446,303
2026-05-30T18:57:24,GoldFish,0.613,18.9,25.9,594.0,101.0,Adult,221,152,349,327
2026-05-30T18:57:24,ButterflyFish,0.502,13.3,10.7,337.0,37.6,Adult,480,0,639,127
2026-05-30T18:57:24,GoldFish,0.743,29.5,50.1,1211.0,387.3,Adult,348,136,446,302
2026-05-30T18:57:24,GoldFish,0.586,18.9,26.2,594.0,101.0,Adult,222,151,350,328
2026-05-30T18:57:24,ButterflyFish,0.526,13.4,11.1,344.0,38.5,Adult,483,0,639,130
2026-05-30T18:57:24,GoldFish,0.518,18.5,12.4,977.0,94.6,Adult,323,77,399,128
2026-05-30T18:57:24,GoldFish,0.760,29.2,50.4,1211.0,375.6,Adult,351,136,448,303
2026-05-30T18:57:24,GoldFish,0.652,17.7,12.0,946.0,82.8,Adult,323,77,398,128
2026-05-30T18:57:24,ButterflyFish,0.523,13.1,10.6,333.0,35.9,Adult,481,0,639,128
2026-05-30T18:57:24,GoldFish,0.508,18.9,26.3,594.0,101.0,Adult,222,147,350,325
2026-05-30T18:57:24,GoldFish,0.788,29.8,49.7,1211.0,399.3,Adult,351,136,450,301
2026-05-30T18:57:24,ButterflyFish,0.502,12.9,10.6,329.0,34.2,Adult,481,0,639,130
2026-05-30T18:57:25,GoldFish,0.800,30.8,49.4,1211.0,441.2,Adult,351,136,453,300
2026-05-30T18:57:25,ButterflyFish,0.562,13.5,11.1,348.0,39.4,Adult,483,0,639,128
2026-05-30T18:57:25,GoldFish,0.530,19.4,26.2,594.0,109.2,Adult,220,150,351,327
2026-05-30T18:57:25,GoldFish,0.774,30.5,49.4,1211.0,428.4,Adult,353,136,454,300
2026-05-30T18:57:25,GoldFish,0.657,19.5,25.9,594.0,110.9,Adult,219,150,351,325
2026-05-30T18:57:25,GoldFish,0.791,29.8,50.1,1211.0,399.3,Adult,355,136,454,302
2026-05-30T18:57:25,GoldFish,0.649,19.2,25.9,594.0,105.9,Adult,220,149,350,324
2026-05-30T18:57:25,ButterflyFish,0.519,13.7,11.1,348.0,41.2,Adult,481,0,639,128
2026-05-30T18:57:25,GoldFish,0.749,19.8,26.5,594.0,116.2,Adult,220,148,354,327
2026-05-30T18:57:25,GoldFish,0.688,30.2,51.3,1211.0,415.8,Adult,356,136,456,306
2026-05-30T18:57:25,GoldFish,0.737,20.0,26.5,594.0,119.8,Adult,221,147,356,326
2026-05-30T18:57:25,GoldFish,0.561,30.2,50.7,1211.0,415.8,Adult,356,136,456,304
2026-05-30T18:57:25,GoldFish,0.726,19.9,25.6,582.0,118.0,Adult,217,147,354,324
2026-05-30T18:57:25,GoldFish,0.753,19.4,26.1,582.0,109.2,Adult,216,147,350,327
2026-05-30T18:57:25,GoldFish,0.549,30.8,51.0,1211.0,441.2,Adult,356,137,458,306
2026-05-30T18:57:25,GoldFish,0.730,19.3,25.9,582.0,107.5,Adult,216,148,349,327
2026-05-30T18:57:25,GoldFish,0.503,30.5,51.9,1211.0,428.4,Adult,356,136,457,308
2026-05-30T18:57:25,GoldFish,0.714,19.3,26.1,582.0,107.5,Adult,216,147,349,327
2026-05-30T18:57:25,GoldFish,0.518,30.8,51.6,1211.0,441.2,Adult,356,136,458,307
2026-05-30T18:57:25,GoldFish,0.645,19.3,26.1,582.0,107.5,Adult,216,147,349,327
2026-05-30T18:57:25,GoldFish,0.558,19.7,25.5,582.0,114.4,Adult,214,149,350,325
2026-05-30T18:57:26,GoldFish,0.663,19.4,25.2,582.0,109.2,Adult,214,149,348,323
2026-05-30T18:57:26,GoldFish,0.562,29.6,48.7,1165.0,391.3,Adult,353,138,455,306
2026-05-30T18:57:26,GoldFish,0.762,22.2,27.2,594.0,164.1,Adult,203,149,353,333
2026-05-30T18:57:26,GoldFish,0.652,23.1,34.3,594.0,185.1,Adult,199,147,355,379
2026-05-30T18:57:26,GoldFish,0.630,29.3,24.6,1122.0,379.5,Adult,300,75,405,163
2026-05-30T18:57:26,ButterflyFish,0.505,16.3,15.0,460.0,70.4,Adult,498,0,640,131
2026-05-30T18:57:26,GoldFish,0.515,22.5,33.6,594.0,170.9,Adult,200,149,352,376
2026-05-30T18:57:26,ButterflyFish,0.506,11.4,11.0,337.0,23.4,Adult,504,0,640,131
2026-05-30T18:57:26,GoldFish,0.568,22.8,34.4,606.0,177.9,Adult,199,147,350,375
2026-05-30T18:57:26,GoldFish,0.715,17.5,36.5,606.0,80.0,Adult,215,146,331,388
2026-05-30T18:57:26,GoldFish,0.726,15.1,34.1,582.0,51.3,Adult,220,143,324,378
2026-05-30T18:57:26,GoldFish,0.649,27.3,30.9,1044.0,306.5,Adult,295,71,400,190
2026-05-30T18:57:26,GoldFish,0.816,15.4,34.2,594.0,54.4,Adult,219,147,323,378
2026-05-30T18:57:26,GoldFish,0.730,14.6,33.4,594.0,46.3,Adult,221,143,320,369
2026-05-30T18:57:26,GoldFish,0.715,27.8,31.5,1044.0,323.8,Adult,292,69,399,190
2026-05-30T18:57:27,GoldFish,0.784,15.1,33.6,594.0,51.3,Adult,220,147,322,374
2026-05-30T18:57:27,GoldFish,0.554,35.7,56.6,1165.0,689.1,Adult,311,132,434,327
2026-05-30T18:57:27,GoldFish,0.781,15.2,32.7,606.0,52.3,Adult,223,148,324,365
2026-05-30T18:57:27,GoldFish,0.766,28.9,29.6,1044.0,364.0,Adult,290,69,401,183
2026-05-30T18:57:27,GoldFish,0.825,24.7,30.2,1044.0,226.5,Adult,284,70,379,186
2026-05-30T18:57:27,GoldFish,0.804,15.7,32.9,606.0,57.7,Adult,225,145,329,363
2026-05-30T18:57:27,GoldFish,0.802,14.6,33.5,606.0,46.3,Adult,232,141,329,363
2026-05-30T18:57:27,GoldFish,0.697,36.0,55.4,1165.0,706.7,Adult,306,130,430,321
2026-05-30T18:57:27,GoldFish,0.589,24.2,27.3,1044.0,213.0,Adult,288,81,381,186
2026-05-30T18:57:27,GoldFish,0.675,51.9,76.9,1165.0,2133.2,Adult,248,99,427,364
2026-05-30T18:57:27,GoldFish,0.700,31.6,46.3,721.0,476.7,Adult,252,107,428,365
2026-05-30T18:57:27,GoldFish,0.720,31.2,43.8,721.0,458.7,Adult,256,113,430,357
2026-05-30T18:57:27,GoldFish,0.619,31.1,43.1,721.0,454.3,Adult,260,119,433,359
2026-05-30T18:57:28,AngelFish,0.567,31.5,41.6,739.0,594.2,Adult,268,132,439,358
2026-05-30T18:57:28,GoldFish,0.550,31.3,41.6,739.0,463.2,Adult,268,133,438,359
2026-05-30T18:57:28,GoldFish,0.783,30.4,39.7,739.0,424.1,Adult,275,138,440,354
2026-05-30T18:57:28,GoldFish,0.830,29.3,39.5,721.0,379.5,Adult,279,138,442,358
2026-05-30T18:57:28,GoldFish,0.823,29.4,39.8,704.0,383.4,Adult,278,132,446,359
2026-05-30T18:57:28,GoldFish,0.586,25.5,38.0,688.0,249.4,Adult,293,135,442,357
2026-05-30T18:57:28,GoldFish,0.653,23.8,36.5,658.0,202.5,Adult,293,135,438,358
2026-05-30T18:57:28,GoldFish,0.549,25.0,18.3,865.0,235.0,Adult,496,54,612,139
2026-05-30T18:57:28,GoldFish,0.674,20.6,35.1,658.0,130.9,Adult,300,139,426,353
2026-05-30T18:57:29,GoldFish,0.750,28.0,21.7,891.0,330.9,Adult,431,56,557,154
2026-05-30T18:57:29,GoldFish,0.835,38.2,29.9,1010.0,845.4,Adult,395,46,547,165
2026-05-30T18:57:29,GoldFish,0.820,20.5,35.9,658.0,129.0,Adult,300,135,425,354
2026-05-30T18:57:29,GoldFish,0.785,20.0,35.7,658.0,119.8,Adult,303,136,425,354
2026-05-30T18:57:29,GoldFish,0.688,34.3,28.1,1044.0,610.7,Adult,399,51,531,159
2026-05-30T18:57:29,GoldFish,0.886,21.3,35.4,658.0,144.9,Adult,306,138,436,354
2026-05-30T18:57:29,GoldFish,0.628,35.6,27.2,1082.0,683.3,Adult,399,57,531,158
2026-05-30T18:57:29,GoldFish,0.817,21.3,35.7,658.0,144.9,Adult,311,138,441,356
2026-05-30T18:57:29,GoldFish,0.783,36.3,24.0,1122.0,724.7,Adult,404,67,534,153
2026-05-30T18:57:29,GoldFish,0.847,22.1,36.9,673.0,161.9,Adult,311,136,443,356
2026-05-30T18:57:29,GoldFish,0.780,34.6,22.9,1122.0,626.9,Adult,413,68,537,150
2026-05-30T18:57:29,GoldFish,0.521,2.1,12.3,505.0,0.1,Juvenile,622,141,639,239
2026-05-30T18:57:29,GoldFish,0.806,23.1,36.2,658.0,185.1,Adult,307,138,448,359
2026-05-30T18:57:29,GoldFish,0.585,25.5,36.7,673.0,249.4,Adult,302,138,454,357
2026-05-30T18:57:29,GoldFish,0.661,27.4,37.7,688.0,309.9,Adult,305,136,465,356
2026-05-30T18:57:30,GoldFish,0.695,32.8,40.5,739.0,533.5,Adult,304,135,482,355
2026-05-30T18:57:30,GoldFish,0.565,53.5,28.1,2753.0,2338.0,Adult,469,62,547,103
2026-05-30T18:57:30,GoldFish,0.608,44.8,55.0,977.0,1368.0,Adult,302,133,486,359
2026-05-30T18:57:30,GoldFish,0.535,46.2,55.5,977.0,1501.2,Adult,303,132,493,360
2026-05-30T18:57:30,GoldFish,0.654,20.1,27.8,631.0,121.6,Adult,294,135,422,312
2026-05-30T18:57:31,GoldFish,0.501,29.5,35.5,618.0,387.3,Adult,289,132,481,363
2026-05-30T18:57:31,GoldFish,0.719,28.2,33.2,618.0,338.0,Adult,290,134,473,350
2026-05-30T18:57:31,GoldFish,0.777,26.8,29.2,618.0,289.9,Adult,289,135,463,325
2026-05-30T18:57:31,GoldFish,0.583,25.2,34.5,618.0,240.7,Adult,290,137,454,361
2026-05-30T18:57:31,GoldFish,0.748,24.3,34.0,618.0,215.7,Adult,291,135,449,356
2026-05-30T18:57:31,GoldFish,0.859,22.3,32.3,618.0,166.4,Adult,294,133,439,343
2026-05-30T18:57:32,GoldFish,0.866,21.5,28.3,618.0,149.0,Adult,295,131,435,315
2026-05-30T18:57:32,GoldFish,0.816,20.0,29.9,618.0,119.8,Adult,299,133,429,327
2026-05-30T18:57:32,GoldFish,0.844,19.5,30.0,618.0,110.9,Adult,301,131,428,326
2026-05-30T18:57:32,GoldFish,0.671,22.9,33.3,571.0,180.3,Adult,294,114,455,348
2026-05-30T18:57:32,GoldFish,0.786,37.1,56.1,1211.0,774.0,Adult,303,134,426,320
2026-05-30T18:57:32,GoldFish,0.645,16.5,12.3,388.0,67.0,Adult,468,0,639,127
2026-05-30T18:57:32,GoldFish,0.808,38.0,57.6,1211.0,832.1,Adult,301,131,427,322
2026-05-30T18:57:32,GoldFish,0.784,39.3,59.4,1262.0,921.1,Adult,301,133,426,322
2026-05-30T18:57:32,GoldFish,0.829,37.1,53.1,1262.0,774.0,Adult,305,133,423,302
2026-05-30T18:57:32,GoldFish,0.763,37.1,54.7,1262.0,774.0,Adult,304,133,422,307
2026-05-30T18:57:32,GoldFish,0.824,37.7,52.5,1262.0,812.4,Adult,302,131,422,298
2026-05-30T18:57:33,GoldFish,0.736,38.0,50.9,1262.0,832.1,Adult,300,130,421,292
2026-05-30T18:57:33,GoldFish,0.829,37.7,51.8,1262.0,812.4,Adult,296,127,416,292
2026-05-30T18:57:33,GoldFish,0.525,9.1,29.8,704.0,11.1,Juvenile,587,214,639,384
2026-05-30T18:57:33,GoldFish,0.791,40.0,53.1,1317.0,971.5,Adult,289,127,411,289
2026-05-30T18:57:33,GoldFish,0.769,40.0,54.1,1317.0,971.5,Adult,289,125,411,290
2026-05-30T18:57:33,GoldFish,0.708,38.4,53.8,1317.0,858.8,Adult,291,125,408,289
2026-05-30T18:57:33,GoldFish,0.673,37.1,50.9,1262.0,774.0,Adult,290,126,408,288
2026-05-30T18:57:33,GoldFish,0.689,31.2,48.6,704.0,458.7,Adult,461,80,639,357
2026-05-30T18:57:33,GoldFish,0.597,36.8,50.3,1262.0,755.2,Adult,290,126,407,286
2026-05-30T18:57:33,GoldFish,0.784,36.4,49.6,1262.0,730.7,Adult,290,126,406,284
2026-05-30T18:57:33,GoldFish,0.612,34.2,48.2,704.0,605.3,Adult,445,84,640,359
2026-05-30T18:57:33,GoldFish,0.817,35.5,48.7,1262.0,677.5,Adult,292,127,405,282
2026-05-30T18:57:33,GoldFish,0.629,38.8,50.6,721.0,886.1,Adult,424,81,640,363
2026-05-30T18:57:33,GoldFish,0.800,35.2,48.7,1262.0,660.4,Adult,293,127,405,282
2026-05-30T18:57:33,GoldFish,0.615,36.0,45.9,688.0,706.7,Adult,430,87,640,355
2026-05-30T18:57:33,GoldFish,0.806,35.5,48.4,1262.0,677.5,Adult,291,126,404,280
2026-05-30T18:57:33,ButterflyFish,0.563,21.6,20.1,606.0,167.5,Adult,496,0,639,133
2026-05-30T18:57:34,GoldFish,0.772,37.4,50.8,1317.0,793.0,Adult,291,125,405,280
2026-05-30T18:57:34,GoldFish,0.799,35.2,48.4,1262.0,660.4,Adult,295,126,407,280
2026-05-30T18:57:34,GoldFish,0.831,35.5,48.1,1262.0,677.5,Adult,296,125,409,278
2026-05-30T18:57:34,GoldFish,0.830,34.9,48.4,1262.0,643.5,Adult,300,124,411,278
2026-05-30T18:57:34,GoldFish,0.804,35.8,49.6,1262.0,694.9,Adult,303,119,417,277
2026-05-30T18:57:34,GoldFish,0.833,35.2,48.7,1262.0,660.4,Adult,307,117,419,272
2026-05-30T18:57:34,ButterflyFish,0.680,22.3,22.3,658.0,184.8,Adult,504,0,640,136
2026-05-30T18:57:34,GoldFish,0.784,34.4,48.5,1211.0,616.1,Adult,311,112,425,273
2026-05-30T18:57:34,ButterflyFish,0.550,23.1,23.8,673.0,206.0,Adult,502,0,640,142
2026-05-30T18:57:34,ButterflyFish,0.635,112.3,112.3,3365.0,26860.4,Adult,506,0,640,134
2026-05-30T18:57:34,ButterflyFish,0.715,23.6,23.1,688.0,220.0,Adult,502,0,640,135
2026-05-30T18:57:34,GoldFish,0.512,33.4,47.6,1165.0,563.6,Adult,320,110,435,274
2026-05-30T18:57:34,GoldFish,0.607,33.6,49.0,1165.0,573.8,Adult,319,110,435,279
2026-05-30T18:57:34,GoldFish,0.584,36.6,47.2,721.0,742.9,Adult,436,85,640,348
2026-05-30T18:57:34,GoldFish,0.627,33.4,48.7,1165.0,563.6,Adult,320,110,435,278
2026-05-30T18:57:35,ButterflyFish,0.537,22.3,22.8,658.0,184.8,Adult,504,0,640,139
2026-05-30T18:57:35,GoldFish,0.561,35.8,47.7,704.0,694.9,Adult,436,79,640,351
2026-05-30T18:57:35,GoldFish,0.539,32.8,49.3,1165.0,533.5,Adult,322,107,435,277
2026-05-30T18:57:35,ClownFish,0.519,36.6,47.8,721.0,843.3,Adult,436,85,640,351
2026-05-30T18:57:35,GoldFish,0.556,33.1,45.8,1165.0,548.4,Adult,319,109,433,267
2026-05-30T18:57:35,ClownFish,0.538,36.4,47.4,721.0,829.1,Adult,436,86,639,350
2026-05-30T18:57:35,ClownFish,0.510,35.2,45.9,704.0,747.2,Adult,438,85,639,347
2026-05-30T18:57:35,ClownFish,0.581,32.1,41.5,644.0,561.5,Adult,439,84,639,343
2026-05-30T18:57:35,GoldFish,0.580,33.1,45.2,1165.0,548.4,Adult,318,109,432,265
2026-05-30T18:57:35,ClownFish,0.697,31.9,41.3,631.0,550.7,Adult,437,79,640,342
2026-05-30T18:57:35,GoldFish,0.519,33.6,45.8,1165.0,573.8,Adult,317,108,433,266
2026-05-30T18:57:35,ClownFish,0.753,31.9,41.3,631.0,550.7,Adult,437,79,640,342
2026-05-30T18:57:35,GoldFish,0.501,32.8,46.4,1165.0,533.5,Adult,319,108,432,268
2026-05-30T18:57:35,ClownFish,0.774,31.6,41.5,631.0,534.8,Adult,439,80,640,344
2026-05-30T18:57:35,ClownFish,0.595,31.9,41.8,631.0,550.7,Adult,437,78,640,344
2026-05-30T18:57:36,ClownFish,0.670,31.9,41.3,631.0,550.7,Adult,437,78,640,341
2026-05-30T18:57:36,ClownFish,0.629,31.4,41.6,631.0,524.4,Adult,439,77,639,342
2026-05-30T18:57:36,ClownFish,0.796,30.8,40.9,618.0,494.0,Adult,440,75,640,341
2026-05-30T18:57:36,ClownFish,0.585,32.1,43.6,644.0,561.5,Adult,439,76,639,348
2026-05-30T18:57:37,ClownFish,0.572,35.6,46.8,704.0,773.9,Adult,436,81,639,348
2026-05-30T18:57:37,ClownFish,0.624,32.8,43.7,658.0,600.3,Adult,439,81,639,348
2026-05-30T18:57:37,ClownFish,0.759,34.8,46.1,688.0,721.2,Adult,436,79,639,348
2026-05-30T18:57:37,ClownFish,0.818,32.2,43.1,644.0,566.9,Adult,439,78,640,347
2026-05-30T18:57:37,ClownFish,0.741,31.9,42.8,644.0,550.7,Adult,440,80,639,347
2026-05-30T18:57:37,ClownFish,0.653,31.6,43.5,644.0,534.8,Adult,442,77,639,348
2026-05-30T18:57:37,ClownFish,0.517,31.4,43.6,644.0,524.4,Adult,443,77,639,349
2026-05-30T18:57:37,ClownFish,0.655,31.4,43.3,644.0,524.4,Adult,443,79,639,349
2026-05-30T18:57:37,GoldFish,0.546,31.6,47.0,1165.0,476.7,Adult,326,107,435,269
2026-05-30T18:57:38,GoldFish,0.536,34.0,44.7,673.0,594.7,Adult,437,82,640,349
2026-05-30T18:57:38,ButterflyFish,0.571,23.3,27.1,673.0,211.5,Adult,501,0,640,162
2026-05-30T18:57:38,ButterflyFish,0.609,23.5,25.6,673.0,217.2,Adult,500,0,640,153
2026-05-30T18:57:38,ClownFish,0.598,27.2,27.9,393.0,336.0,Adult,324,97,602,382
2026-05-30T18:57:38,ClownFish,0.637,35.4,47.9,721.0,760.5,Adult,442,84,639,351
2026-05-30T18:57:38,ClownFish,0.548,34.5,46.9,721.0,702.1,Adult,446,89,638,350
2026-05-30T18:57:38,ClownFish,0.683,34.1,46.7,721.0,677.2,Adult,449,91,639,351
2026-05-30T18:57:38,ClownFish,0.743,34.3,48.1,721.0,689.6,Adult,448,87,639,355
2026-05-30T18:57:39,GoldFish,0.759,34.4,51.3,1211.0,616.1,Adult,333,115,447,285
2026-05-30T18:57:39,GoldFish,0.569,36.1,49.3,1262.0,712.7,Adult,339,118,454,275
2026-05-30T18:57:39,GoldFish,0.570,31.4,46.9,721.0,467.7,Adult,464,86,639,347
2026-05-30T18:57:39,GoldFish,0.555,37.1,51.5,1317.0,774.0,Adult,345,120,458,277
2026-05-30T18:57:39,GoldFish,0.601,31.6,47.6,721.0,476.7,Adult,463,83,639,348
2026-05-30T18:57:39,GoldFish,0.527,37.7,55.1,1317.0,812.4,Adult,346,120,461,288
2026-05-30T18:57:39,ClownFish,0.548,31.1,49.0,721.0,509.0,Adult,466,77,639,350
2026-05-30T18:57:39,GoldFish,0.763,26.4,32.7,1010.0,277.0,Adult,294,119,399,249
2026-05-30T18:57:39,GoldFish,0.577,30.0,47.4,721.0,407.5,Adult,472,88,639,352
2026-05-30T18:57:39,GoldFish,0.595,25.3,42.1,841.0,243.6,Adult,228,132,349,333
2026-05-30T18:57:39,GoldFish,0.501,24.0,48.6,704.0,207.7,Adult,502,88,639,365
2026-05-30T18:57:40,GoldFish,0.528,34.2,50.6,1262.0,605.3,Adult,390,140,499,301
2026-05-30T18:57:40,GoldFish,0.617,35.5,54.0,1262.0,677.5,Adult,392,142,505,314
2026-05-30T18:57:40,GoldFish,0.570,8.6,40.7,704.0,9.4,Juvenile,590,163,639,395
2026-05-30T18:57:40,GoldFish,0.764,36.4,54.0,1262.0,730.7,Adult,396,142,512,314
2026-05-30T18:57:40,GoldFish,0.570,36.8,55.9,1262.0,755.2,Adult,399,139,516,317
2026-05-30T18:57:40,GoldFish,0.583,36.8,54.0,1262.0,755.2,Adult,400,139,517,311
2026-05-30T18:57:40,GoldFish,0.636,35.3,52.8,1211.0,666.0,Adult,398,138,515,313
2026-05-30T18:57:40,GoldFish,0.646,34.4,52.8,1211.0,616.1,Adult,401,139,515,314
2026-05-30T18:57:40,GoldFish,0.715,34.4,51.0,1211.0,616.1,Adult,401,140,515,309
2026-05-30T18:57:41,GoldFish,0.513,32.4,51.2,1262.0,514.1,Adult,411,139,514,302
2026-05-30T18:57:41,GoldFish,0.603,32.4,51.2,1262.0,514.1,Adult,409,140,512,303
2026-05-30T18:57:41,GoldFish,0.513,29.0,45.9,658.0,367.8,Adult,256,121,433,401
2026-05-30T18:57:41,GoldFish,0.519,27.7,45.5,658.0,320.3,Adult,257,122,426,400
2026-05-30T18:57:41,GoldFish,0.643,27.0,45.7,658.0,296.4,Adult,259,121,424,400
2026-05-30T18:57:41,GoldFish,0.626,33.3,54.7,1262.0,558.5,Adult,403,137,509,311
2026-05-30T18:57:41,GoldFish,0.597,33.9,54.4,1262.0,589.4,Adult,401,137,509,310
2026-05-30T18:57:41,GoldFish,0.771,35.2,54.4,1262.0,660.4,Adult,400,137,512,310
2026-05-30T18:57:42,GoldFish,0.748,35.8,51.5,1262.0,694.9,Adult,399,138,513,302
2026-05-30T18:57:42,GoldFish,0.517,27.0,48.8,673.0,296.4,Adult,274,125,435,416
2026-05-30T18:57:42,GoldFish,0.598,35.8,52.8,1262.0,694.9,Adult,400,136,514,304
2026-05-30T18:57:42,GoldFish,0.584,27.6,49.3,688.0,316.8,Adult,284,124,445,412
2026-05-30T18:57:42,GoldFish,0.713,34.9,51.5,1262.0,643.5,Adult,400,136,511,300
2026-05-30T18:57:42,GoldFish,0.503,26.9,50.4,688.0,293.1,Adult,291,125,448,419
2026-05-30T18:57:42,GoldFish,0.735,35.2,51.2,1262.0,660.4,Adult,399,137,511,300
2026-05-30T18:57:42,GoldFish,0.677,34.9,50.9,1262.0,643.5,Adult,399,136,510,298
2026-05-30T18:57:42,GoldFish,0.540,29.4,52.9,704.0,383.4,Adult,288,117,456,419
2026-05-30T18:57:42,GoldFish,0.704,33.3,50.3,1262.0,558.5,Adult,401,138,507,298
2026-05-30T18:57:42,GoldFish,0.599,29.4,16.8,618.0,383.4,Adult,449,0,640,109
2026-05-30T18:57:42,GoldFish,0.816,14.7,26.2,361.0,47.3,Adult,476,0,639,292
2026-05-30T18:57:42,GoldFish,0.827,21.5,25.8,379.0,149.0,Adult,410,11,638,284
2026-05-30T18:57:42,GoldFish,0.583,33.3,38.7,777.0,558.5,Adult,341,137,513,337
2026-05-30T18:57:42,GoldFish,0.863,32.1,37.3,865.0,499.9,Adult,372,129,521,302
2026-05-30T18:57:42,GoldFish,0.556,25.7,22.1,946.0,255.4,Adult,295,64,404,158
2026-05-30T18:57:43,GoldFish,0.690,31.3,27.0,918.0,463.2,Adult,396,92,533,210
2026-05-30T18:57:43,GoldFish,0.548,33.8,32.0,1211.0,584.2,Adult,391,195,503,301
2026-05-30T18:57:43,GoldFish,0.664,38.6,55.0,1262.0,872.4,Adult,379,144,502,319
2026-05-30T18:57:43,GoldFish,0.659,30.2,22.2,891.0,415.8,Adult,406,71,542,171
2026-05-30T18:57:43,GoldFish,0.693,27.7,14.9,891.0,320.3,Adult,412,62,537,129
2026-05-30T18:57:43,GoldFish,0.644,38.6,60.6,1262.0,872.4,Adult,373,140,496,333
2026-05-30T18:57:43,GoldFish,0.753,39.3,61.6,1262.0,921.1,Adult,370,137,495,333
2026-05-30T18:57:43,GoldFish,0.640,38.6,60.3,1262.0,872.4,Adult,373,138,496,330
2026-05-30T18:57:43,GoldFish,0.780,40.5,60.6,1262.0,1008.6,Adult,379,135,508,328
2026-05-30T18:57:43,GoldFish,0.733,43.7,57.2,1262.0,1269.0,Adult,392,129,531,311
2026-05-30T18:57:43,ClownFish,0.576,45.8,62.4,1211.0,1689.9,Adult,426,117,578,324
2026-05-30T18:57:43,ClownFish,0.812,48.7,62.1,1165.0,2044.2,Adult,449,106,617,320
2026-05-30T18:57:44,GoldFish,0.851,28.6,48.5,1082.0,352.7,Adult,534,86,640,266
2026-05-30T18:57:44,GoldFish,0.877,27.7,51.1,1122.0,320.3,Adult,541,95,640,278
2026-05-30T18:57:44,GoldFish,0.847,29.1,51.4,1122.0,371.7,Adult,535,103,639,287
2026-05-30T18:57:44,GoldFish,0.806,34.2,50.5,1165.0,605.3,Adult,522,122,640,296
2026-05-30T18:57:44,GoldFish,0.532,38.6,53.4,1165.0,872.4,Adult,507,130,640,314
2026-05-30T18:57:44,GoldFish,0.671,41.6,62.9,1122.0,1093.7,Adult,490,143,639,368
2026-05-30T18:57:44,GoldFish,0.595,39.7,67.3,1122.0,949.7,Adult,498,140,640,381
2026-05-30T18:58:28,GoldFish,0.611,18.5,13.1,337.0,94.6,Adult,279,55,500,211
2026-05-30T18:58:28,GoldFish,0.767,19.4,17.0,326.0,109.2,Adult,284,43,523,252
2026-05-30T18:58:28,GoldFish,0.629,19.0,14.3,337.0,102.6,Adult,310,46,536,216
2026-05-30T18:58:28,GoldFish,0.591,14.0,14.0,344.0,40.8,Adult,368,52,531,216
2026-05-30T18:58:28,GoldFish,0.592,11.1,10.7,348.0,20.2,Adult,329,71,457,194
2026-05-30T18:58:28,GoldFish,0.600,9.8,9.8,344.0,13.9,Juvenile,336,70,451,184
2026-05-30T18:58:28,GoldFish,0.564,18.6,9.4,348.0,96.2,Adult,404,0,619,109
2026-05-30T18:58:28,GoldFish,0.752,10.2,9.7,344.0,15.7,Adult,335,67,454,180
2026-05-30T18:58:28,GoldFish,0.658,20.7,10.4,369.0,132.9,Adult,405,0,630,113
2026-05-30T18:58:28,GoldFish,0.737,10.4,9.5,344.0,16.6,Adult,333,67,454,178
2026-05-30T18:58:28,GoldFish,0.510,19.4,6.3,344.0,109.2,Adult,394,0,621,74
2026-05-30T18:58:29,GoldFish,0.731,10.4,9.6,344.0,16.6,Adult,332,65,453,177
2026-05-30T18:58:29,GoldFish,0.682,10.6,9.3,344.0,17.6,Adult,331,67,455,176
2026-05-30T18:58:29,GoldFish,0.757,10.2,9.3,352.0,15.7,Adult,330,70,446,176
2026-05-30T18:58:29,GoldFish,0.604,23.0,12.5,404.0,182.7,Adult,403,0,632,124
2026-05-30T18:58:29,GoldFish,0.746,10.3,9.2,352.0,16.1,Adult,331,68,448,173
2026-05-30T18:58:29,GoldFish,0.560,23.2,12.6,409.0,187.5,Adult,401,0,629,124
2026-05-30T18:58:29,GoldFish,0.658,9.7,9.1,352.0,13.5,Juvenile,330,69,441,173
2026-05-30T18:58:29,GoldFish,0.620,6.6,5.6,329.0,4.2,Juvenile,452,57,532,125
2026-05-30T18:58:29,GoldFish,0.770,9.0,8.7,352.0,10.7,Juvenile,330,71,433,170
2026-05-30T18:58:29,GoldFish,0.705,6.5,5.1,333.0,4.0,Juvenile,450,59,529,121
2026-05-30T18:58:29,GoldFish,0.701,8.8,8.5,352.0,10.0,Juvenile,329,69,429,166
2026-05-30T18:58:29,GoldFish,0.566,8.6,7.9,352.0,9.4,Juvenile,329,70,427,160
2026-05-30T18:59:01,GoldFish,0.503,22.6,9.2,398.0,173.2,Adult,412,0,640,93
2026-05-30T18:59:01,GoldFish,0.517,24.8,10.2,433.0,229.3,Adult,410,0,640,95
2026-05-30T18:59:01,GoldFish,0.865,25.2,12.0,466.0,240.7,Adult,423,0,640,103
2026-05-30T18:59:01,GoldFish,0.708,23.2,10.6,409.0,187.5,Adult,412,0,640,104
2026-05-30T18:59:01,GoldFish,0.613,20.8,7.9,356.0,134.8,Adult,405,0,640,89
2026-05-30T18:59:01,GoldFish,0.644,19.2,6.6,329.0,105.9,Adult,405,0,640,80
2026-05-30T18:59:01,GoldFish,0.591,20.1,6.4,344.0,121.6,Adult,405,0,640,75
2026-05-30T18:59:01,GoldFish,0.616,19.3,6.6,329.0,107.5,Adult,404,0,640,80
2026-05-30T18:59:01,GoldFish,0.655,20.3,7.5,348.0,125.3,Adult,406,0,640,86
2026-05-30T18:59:01,GoldFish,0.703,28.5,11.1,505.0,349.0,Adult,413,0,640,88
2026-05-30T18:59:01,GoldFish,0.792,36.1,14.1,631.0,712.7,Adult,410,0,640,90
2026-05-30T18:59:02,GoldFish,0.781,26.9,10.8,481.0,293.1,Adult,415,0,640,90
2026-05-30T18:59:05,GoldFish,0.616,11.7,6.2,352.0,23.7,Adult,341,67,475,138
2026-05-30T18:59:05,GoldFish,0.596,10.5,5.5,361.0,17.1,Adult,340,67,457,128
2026-05-30T18:59:05,ClownFish,0.653,12.3,3.8,329.0,28.7,Adult,265,74,415,121
2026-05-30T18:59:05,ClownFish,0.867,19.1,8.9,551.0,112.3,Adult,264,75,403,140
2026-05-30T18:59:05,ClownFish,0.889,19.5,10.0,606.0,119.8,Adult,267,77,396,143
2026-05-30T18:59:06,ClownFish,0.868,18.6,10.3,644.0,103.4,Adult,273,77,389,141
2026-05-30T18:59:06,ClownFish,0.832,17.4,10.1,673.0,84.1,Adult,284,79,388,139
2026-05-30T18:59:06,ClownFish,0.509,18.4,16.0,631.0,100.0,Adult,332,73,449,175
2026-05-30T18:59:06,MorishIdol,0.583,62.7,41.3,1594.0,3725.1,Adult,298,70,456,174
2026-05-30T18:59:06,ClownFish,0.792,14.9,10.4,721.0,52.0,Adult,301,79,384,137
2026-05-30T18:59:06,ClownFish,0.839,15.6,10.8,721.0,60.0,Adult,301,77,388,137
2026-05-30T18:59:06,ClownFish,0.811,34.7,22.2,1514.0,714.8,Adult,300,75,392,134
2026-05-30T18:59:06,ClownFish,0.827,22.4,11.2,977.0,184.1,Adult,301,77,393,123
2026-05-30T18:59:07,ClownFish,0.841,8.1,4.3,393.0,7.9,Adult,298,78,381,122
2026-05-30T18:59:07,ClownFish,0.866,7.0,3.5,326.0,5.0,Juvenile,299,77,385,120
2026-05-30T18:59:07,ClownFish,0.874,7.5,3.5,326.0,6.2,Juvenile,296,77,388,120
2026-05-30T18:59:07,ClownFish,0.873,7.4,3.7,326.0,5.9,Juvenile,295,76,386,121
2026-05-30T18:59:07,ClownFish,0.884,8.3,3.7,340.0,8.5,Adult,292,77,390,121
2026-05-30T18:59:07,ClownFish,0.860,17.1,7.4,673.0,79.7,Adult,288,79,390,123
2026-05-30T18:59:07,ClownFish,0.787,7.4,3.9,344.0,5.9,Juvenile,285,80,371,125
2026-05-30T18:59:09,ClownFish,0.610,20.4,14.1,383.0,137.7,Adult,222,171,436,319
2026-05-30T18:59:09,ClownFish,0.618,21.9,14.8,344.0,171.6,Adult,170,189,426,362
2026-05-30T18:59:09,ClownFish,0.660,21.8,15.3,340.0,169.2,Adult,143,200,400,381
2026-05-30T18:59:09,ClownFish,0.675,20.6,14.5,344.0,142.0,Adult,124,224,364,393
2026-05-30T18:59:09,ClownFish,0.749,18.1,14.7,352.0,95.1,Adult,108,226,314,394
2026-05-30T18:59:09,ClownFish,0.552,21.5,15.6,361.0,162.1,Adult,98,219,337,393
2026-05-30T18:59:09,ClownFish,0.613,22.8,15.5,365.0,194.4,Adult,93,219,344,390
2026-05-30T18:59:09,ClownFish,0.846,21.2,15.3,369.0,155.2,Adult,94,216,325,383
2026-05-30T18:59:09,ClownFish,0.771,21.0,14.8,369.0,150.7,Adult,95,218,324,379
2026-05-30T18:59:10,ClownFish,0.799,20.8,15.0,369.0,146.3,Adult,94,217,320,380
2026-05-30T18:59:10,ClownFish,0.796,20.7,15.1,374.0,144.1,Adult,97,219,319,381
2026-05-30T18:59:10,ClownFish,0.798,21.1,15.4,379.0,152.9,Adult,97,218,321,381
2026-05-30T18:59:10,ClownFish,0.796,21.2,15.3,379.0,155.2,Adult,96,219,321,381
2026-05-30T18:59:10,ClownFish,0.815,20.9,15.1,374.0,148.5,Adult,97,219,321,381
2026-05-30T18:59:10,ClownFish,0.785,20.9,15.3,379.0,148.5,Adult,95,218,317,380
2026-05-30T18:59:10,ClownFish,0.782,20.5,14.9,374.0,139.8,Adult,95,220,315,380
2026-05-30T18:59:10,ClownFish,0.814,21.1,15.2,379.0,152.9,Adult,96,220,320,381
2026-05-30T18:59:10,ClownFish,0.756,21.3,15.4,379.0,157.5,Adult,97,218,323,381
2026-05-30T18:59:11,ClownFish,0.768,19.8,15.1,379.0,125.6,Adult,96,219,306,379
2026-05-30T18:59:11,ClownFish,0.717,19.1,14.8,379.0,112.3,Adult,95,220,297,377
2026-05-30T18:59:11,ClownFish,0.799,20.9,15.1,379.0,148.5,Adult,95,220,316,380
2026-05-30T18:59:11,ClownFish,0.770,20.9,15.1,379.0,148.5,Adult,95,220,316,380
2026-05-30T18:59:11,ClownFish,0.795,21.1,15.2,379.0,152.9,Adult,95,219,319,380
2026-05-30T18:59:11,ClownFish,0.717,18.8,14.7,374.0,106.9,Adult,94,220,296,378
2026-05-30T18:59:11,ClownFish,0.752,20.4,15.1,379.0,137.7,Adult,98,219,314,379
2026-05-30T18:59:12,ClownFish,0.675,20.9,15.9,379.0,148.5,Adult,108,210,329,379
2026-05-30T18:59:12,GoldFish,0.828,18.3,23.9,439.0,91.6,Adult,391,66,558,285
2026-05-30T18:59:12,ClownFish,0.720,16.1,14.9,439.0,66.1,Adult,486,0,633,136
2026-05-30T18:59:12,ClownFish,0.775,9.5,6.7,326.0,12.9,Adult,477,0,594,82
2026-05-30T18:59:12,GoldFish,0.643,9.3,11.5,459.0,11.9,Juvenile,479,62,560,163
2026-05-30T18:59:12,ClownFish,0.592,13.1,6.1,344.0,34.9,Adult,454,0,607,71
2026-05-30T18:59:12,ClownFish,0.725,11.4,5.0,326.0,22.7,Adult,433,0,573,62
2026-05-30T18:59:13,ClownFish,0.517,7.9,4.2,319.0,7.3,Juvenile,457,0,557,53
2026-05-30T18:59:33,GoldFish,0.814,11.7,8.1,473.0,23.7,Adult,296,65,395,134
2026-05-30T18:59:33,GoldFish,0.722,11.5,10.0,488.0,22.5,Adult,271,75,366,157
2026-05-30T18:59:33,GoldFish,0.758,12.1,10.8,505.0,26.3,Adult,246,94,342,180
2026-05-30T18:59:33,GoldFish,0.825,11.5,10.3,513.0,22.5,Adult,237,107,327,188
2026-05-30T18:59:33,GoldFish,0.799,11.0,9.7,513.0,19.7,Adult,226,121,312,197
2026-05-30T18:59:34,GoldFish,0.808,11.6,10.1,513.0,23.1,Adult,217,126,308,205
2026-05-30T18:59:34,GoldFish,0.752,10.7,10.0,513.0,18.1,Adult,212,127,296,205
2026-05-30T18:59:34,GoldFish,0.810,11.1,10.5,513.0,20.2,Adult,210,126,297,208
2026-05-30T18:59:34,GoldFish,0.790,10.3,10.1,505.0,16.1,Adult,210,124,292,204
2026-05-30T18:59:34,GoldFish,0.878,10.4,10.2,505.0,16.6,Adult,210,123,293,204
2026-05-30T18:59:34,GoldFish,0.851,10.3,10.1,505.0,16.1,Adult,210,120,292,200
2026-05-30T18:59:34,GoldFish,0.534,10.7,8.8,505.0,18.1,Adult,209,115,294,185
2026-05-30T18:59:34,GoldFish,0.634,10.2,9.8,505.0,15.7,Adult,210,116,291,194
2026-05-30T18:59:34,GoldFish,0.605,9.8,10.1,505.0,13.9,Juvenile,210,116,288,196
2026-05-30T18:59:35,GoldFish,0.798,10.7,9.9,505.0,18.1,Adult,210,118,295,197
2026-05-30T18:59:35,GoldFish,0.513,11.3,9.1,505.0,21.4,Adult,215,116,305,188
2026-05-30T18:59:35,GoldFish,0.934,12.8,10.3,496.0,31.1,Adult,241,100,345,183
2026-05-30T18:59:35,GoldFish,0.781,9.7,9.0,481.0,13.5,Juvenile,281,82,362,157
2026-05-30T18:59:52,GoldFish,0.526,5.8,18.7,688.0,2.8,Juvenile,606,227,640,336
2026-05-30T18:59:53,GoldFish,0.582,6.2,17.5,594.0,3.5,Juvenile,598,231,640,349
2026-05-30T18:59:59,GoldFish,0.550,4.9,20.5,658.0,1.7,Juvenile,609,111,639,236
2026-05-30T19:00:00,GoldFish,0.807,9.8,12.5,658.0,13.9,Juvenile,580,248,640,324
2026-05-30T19:00:00,ClownFish,0.682,34.6,51.1,631.0,708.5,Adult,420,163,640,488
2026-05-30T19:00:51,GoldFish,0.558,8.2,33.8,631.0,8.1,Juvenile,587,190,639,405
2026-05-30T19:00:51,GoldFish,0.513,8.2,34.4,631.0,8.1,Juvenile,587,189,639,408
2026-05-30T19:01:00,ButterflyFish,0.604,11.9,18.6,541.0,26.7,Adult,370,297,458,435
2026-05-30T19:01:01,ButterflyFish,0.599,11.7,18.0,505.0,25.3,Adult,393,323,486,466
2026-05-30T19:01:02,ButterflyFish,0.694,11.9,18.0,505.0,26.7,Adult,393,322,488,465
2026-05-30T19:01:02,ButterflyFish,0.608,12.0,17.9,496.0,27.4,Adult,393,320,490,465
2026-05-30T19:01:02,ButterflyFish,0.601,11.5,17.5,488.0,24.0,Adult,395,320,490,464
2026-05-30T19:01:03,GoldFish,0.700,10.9,24.8,352.0,19.2,Adult,515,133,639,416
2026-05-30T19:01:06,GoldFish,0.532,12.7,24.4,421.0,30.4,Adult,265,76,386,309
2026-05-30T19:01:07,MorishIdol,0.533,343.1,230.9,3786.0,620846.7,Adult,0,393,364,638
2026-05-30T19:01:07,MorishIdol,0.683,329.0,236.6,3786.0,547176.8,Adult,0,387,349,638
2026-05-30T19:01:09,GoldFish,0.744,13.0,27.0,379.0,32.6,Adult,206,73,344,359
2026-05-30T19:01:09,GoldFish,0.693,15.0,16.5,361.0,50.2,Adult,251,65,418,249
2026-05-30T19:01:09,GoldFish,0.803,15.0,13.7,356.0,50.2,Adult,285,59,454,213
2026-05-30T19:01:09,GoldFish,0.673,11.1,13.2,322.0,20.2,Adult,500,0,639,165
2026-05-30T19:01:09,GoldFish,0.624,12.9,10.6,361.0,31.9,Adult,325,65,469,183
2026-05-30T19:01:09,ClownFish,0.870,16.9,17.6,393.0,76.8,Adult,466,0,639,180
2026-05-30T19:01:09,GoldFish,0.682,15.6,9.8,329.0,56.6,Adult,449,77,640,197
2026-05-30T19:01:09,GoldFish,0.527,11.0,5.5,352.0,19.7,Adult,367,71,493,134
2026-05-30T19:01:10,GoldFish,0.621,15.8,11.7,337.0,58.8,Adult,451,65,639,204
2026-05-30T19:01:10,ClownFish,0.887,14.9,16.9,337.0,52.0,Adult,462,0,640,201
2026-05-30T19:01:10,ClownFish,0.857,17.8,18.6,388.0,90.3,Adult,456,0,640,193
2026-05-30T19:01:10,ClownFish,0.909,17.4,18.3,379.0,84.1,Adult,456,0,640,194
2026-05-30T19:01:10,ClownFish,0.561,15.2,8.7,322.0,55.3,Adult,451,88,640,197
2026-05-30T19:01:10,ClownFish,0.874,15.9,18.1,348.0,63.6,Adult,456,0,639,209
2026-05-30T19:01:10,ClownFish,0.866,14.4,17.2,319.0,46.8,Adult,459,0,640,216
2026-05-30T19:01:10,ClownFish,0.851,14.8,17.5,319.0,50.9,Adult,454,0,640,220
2026-05-30T19:01:10,GoldFish,0.684,14.8,17.2,319.0,48.2,Adult,453,0,639,217
2026-05-30T19:01:10,GoldFish,0.567,7.9,7.7,365.0,7.2,Juvenile,380,66,467,151
2026-05-30T19:01:10,ClownFish,0.764,20.5,17.8,344.0,139.8,Adult,401,0,640,208
2026-05-30T19:01:11,ClownFish,0.850,19.0,16.4,322.0,110.5,Adult,403,1,640,206
2026-05-30T19:01:11,ClownFish,0.674,17.7,16.2,319.0,88.7,Adult,417,1,640,205
2026-05-30T19:01:11,ClownFish,0.864,22.5,17.4,344.0,186.6,Adult,377,1,640,204
2026-05-30T19:01:11,GoldFish,0.626,17.9,14.8,319.0,85.7,Adult,415,0,640,186
2026-05-30T19:01:11,GoldFish,0.666,17.9,15.2,319.0,85.7,Adult,414,0,640,191
2026-05-30T19:01:11,GoldFish,0.736,17.7,15.4,319.0,82.8,Adult,417,0,640,194
2026-05-30T19:01:11,GoldFish,0.753,20.9,15.7,319.0,136.8,Adult,377,0,640,198
2026-05-30T19:01:11,GoldFish,0.816,17.5,15.1,319.0,80.0,Adult,420,0,640,190
2026-05-30T19:01:11,GoldFish,0.527,7.6,7.6,365.0,6.4,Juvenile,378,66,462,150
2026-05-30T19:01:11,GoldFish,0.822,17.2,15.3,319.0,75.9,Adult,424,0,640,193
2026-05-30T19:01:11,GoldFish,0.855,16.8,15.5,319.0,70.7,Adult,428,0,640,195
2026-05-30T19:01:11,GoldFish,0.841,17.0,15.2,319.0,73.3,Adult,426,1,640,192
2026-05-30T19:01:11,GoldFish,0.857,17.0,14.9,319.0,73.3,Adult,426,2,640,190
2026-05-30T19:01:12,GoldFish,0.838,17.2,15.2,319.0,75.9,Adult,424,0,640,192
2026-05-30T19:01:12,GoldFish,0.814,17.8,15.2,319.0,84.2,Adult,416,0,640,191
2026-05-30T19:01:12,GoldFish,0.815,18.7,15.2,319.0,97.8,Adult,405,0,640,191
2026-05-30T19:01:12,GoldFish,0.777,19.1,15.2,319.0,104.2,Adult,399,0,639,192
2026-05-30T19:01:12,GoldFish,0.804,17.3,14.6,319.0,77.3,Adult,421,2,639,186
2026-05-30T19:01:12,ClownFish,0.562,15.8,15.9,319.0,62.4,Adult,440,0,639,200
2026-05-30T19:01:12,GoldFish,0.642,8.1,10.1,326.0,7.8,Juvenile,327,69,427,194
2026-05-30T19:01:13,GoldFish,0.683,4.8,5.7,319.0,1.6,Juvenile,179,158,239,230
2026-05-30T19:01:13,GoldFish,0.531,5.0,5.6,319.0,1.8,Juvenile,173,162,236,233
2026-05-30T19:01:13,Gourami,0.582,10.1,8.6,326.0,15.0,Adult,234,160,359,266
2026-05-30T19:01:15,Gourami,0.508,11.2,8.8,329.0,20.7,Adult,217,163,354,271
2026-05-30T19:01:15,Gourami,0.505,11.4,9.0,333.0,21.8,Adult,217,166,354,275
2026-05-30T19:01:15,AngelFish,0.568,11.9,9.2,337.0,30.5,Juvenile,212,165,354,275
2026-05-30T19:01:16,Gourami,0.668,11.5,9.1,337.0,22.4,Adult,217,167,354,275
2026-05-30T19:01:16,Gourami,0.578,11.3,8.9,333.0,21.2,Adult,217,167,353,274
2026-05-30T19:01:16,Gourami,0.503,11.4,9.1,337.0,21.8,Adult,217,167,353,276
2026-05-30T19:01:16,Gourami,0.580,11.2,8.8,337.0,20.7,Adult,217,170,350,275
2026-05-30T19:01:16,AngelFish,0.510,11.4,9.0,337.0,26.8,Juvenile,214,167,350,274
2026-05-30T19:01:16,Gourami,0.589,11.4,8.9,337.0,21.8,Adult,214,169,350,275
2026-05-30T19:01:16,AngelFish,0.528,11.7,9.1,337.0,29.0,Juvenile,212,166,351,274
2026-05-30T19:01:16,Gourami,0.585,11.4,8.8,337.0,21.8,Adult,214,170,350,275
2026-05-30T19:01:16,AngelFish,0.555,11.6,8.9,337.0,28.2,Juvenile,212,167,350,273
2026-05-30T19:01:16,Gourami,0.559,11.5,8.6,337.0,22.4,Adult,215,170,352,273
2026-05-30T19:01:16,AngelFish,0.516,11.8,8.8,337.0,29.7,Juvenile,212,167,353,272
2026-05-30T19:01:16,AngelFish,0.617,12.1,9.0,337.0,32.1,Adult,212,170,356,277
2026-05-30T19:01:16,Gourami,0.537,11.7,8.4,337.0,23.7,Adult,216,175,355,275
2026-05-30T19:01:16,AngelFish,0.681,12.1,9.6,337.0,32.1,Adult,212,167,356,281
2026-05-30T19:01:16,AngelFish,0.693,12.0,9.6,337.0,31.3,Adult,213,168,356,282
2026-05-30T19:01:17,AngelFish,0.719,12.0,9.4,337.0,31.3,Adult,213,169,356,281
2026-05-30T19:01:17,AngelFish,0.723,11.9,9.5,337.0,30.5,Juvenile,213,167,355,280
2026-05-30T19:01:17,AngelFish,0.688,12.0,9.4,337.0,31.3,Adult,212,168,355,280
2026-05-30T19:01:17,AngelFish,0.753,12.1,9.5,337.0,32.1,Adult,212,169,356,282
2026-05-30T19:01:17,AngelFish,0.715,12.3,9.5,337.0,33.8,Adult,211,169,357,282
2026-05-30T19:01:17,Gourami,0.527,11.7,9.1,337.0,23.7,Adult,215,172,355,281
2026-05-30T19:01:17,GoldFish,0.607,12.1,13.1,322.0,26.3,Adult,210,60,361,224
2026-05-30T19:01:19,ClownFish,0.636,16.2,7.2,383.0,67.4,Adult,470,0,640,75
2026-05-30T19:01:19,ClownFish,0.634,18.2,8.6,459.0,96.7,Adult,481,0,640,75
2026-05-30T19:01:19,ClownFish,0.508,15.2,5.7,319.0,55.3,Adult,448,0,640,72
2026-05-30T19:01:20,ClownFish,0.660,11.4,6.8,333.0,22.7,Adult,502,0,640,82
2026-05-30T19:01:20,ClownFish,0.601,15.1,7.2,361.0,54.2,Adult,472,0,640,80
2026-05-30T19:01:20,ClownFish,0.552,15.2,6.9,340.0,55.3,Adult,460,0,640,81
2026-05-30T19:01:21,ClownFish,0.656,20.2,7.5,439.0,133.6,Adult,455,0,640,69
2026-05-30T19:01:21,ClownFish,0.559,16.2,5.9,322.0,67.4,Adult,438,0,640,73
2026-05-30T19:01:21,ClownFish,0.780,9.2,10.5,320.5,11.7,Adult,525,0,640,131
2026-05-30T19:01:21,ClownFish,0.829,7.9,12.0,319.0,7.3,Juvenile,539,0,639,151
2026-05-30T19:01:21,ClownFish,0.835,8.4,13.6,340.0,8.8,Adult,541,0,640,161
2026-05-30T19:01:22,ClownFish,0.821,8.5,14.0,344.0,9.1,Adult,541,1,640,164
2026-05-30T19:01:22,ClownFish,0.812,9.1,13.7,340.0,11.3,Adult,533,0,640,162
2026-05-30T19:01:22,ClownFish,0.815,8.8,12.7,326.0,10.2,Adult,531,0,639,156
2026-05-30T19:01:22,ClownFish,0.714,9.3,12.0,329.0,12.1,Adult,526,0,639,146
2026-05-30T19:01:22,ClownFish,0.646,9.7,9.8,326.0,13.7,Adult,521,26,640,147
2026-05-30T19:01:22,ClownFish,0.786,10.6,11.1,329.0,18.1,Adult,510,3,640,138
2026-05-30T19:01:22,ClownFish,0.845,11.4,10.6,319.0,22.7,Adult,497,2,640,136
2026-05-30T19:01:22,ClownFish,0.819,11.7,11.1,337.0,24.6,Adult,501,0,640,132
2026-05-30T19:01:22,ClownFish,0.812,11.6,11.2,340.0,23.9,Adult,503,2,640,134
2026-05-30T19:01:22,ClownFish,0.598,96.1,114.2,1514.0,16812.2,Adult,1,76,256,379
2026-05-30T19:01:22,ClownFish,0.823,10.8,10.9,326.0,19.2,Adult,507,4,640,138
2026-05-30T19:01:22,ClownFish,0.828,11.4,12.5,344.0,22.7,Adult,506,1,639,147
2026-05-30T19:01:23,ClownFish,0.829,10.7,11.2,322.0,18.6,Adult,507,0,640,140
2026-05-30T19:01:23,ClownFish,0.844,10.1,10.6,319.0,15.6,Adult,513,0,640,134
2026-05-30T19:01:23,ClownFish,0.507,75.0,118.3,1594.0,7796.0,Adult,154,75,343,373
2026-05-30T19:01:23,ClownFish,0.851,9.5,12.0,319.0,12.9,Adult,519,0,639,151
2026-05-30T19:01:23,ClownFish,0.716,77.8,89.3,1594.0,8734.1,Adult,194,196,390,421
2026-05-30T19:01:23,ClownFish,0.825,10.9,13.4,348.0,19.7,Adult,513,0,639,155
2026-05-30T19:01:23,ClownFish,0.599,79.4,97.2,1594.0,9303.0,Adult,216,183,416,428
2026-05-30T19:01:23,ClownFish,0.802,16.1,12.4,340.0,66.1,Adult,450,0,640,146
2026-05-30T19:01:23,ClownFish,0.665,20.0,15.8,409.0,129.5,Adult,444,0,640,155
2026-05-30T19:01:23,ClownFish,0.642,76.5,100.5,1442.0,8289.6,Adult,281,183,494,463
2026-05-30T19:01:23,ClownFish,0.736,64.5,107.0,1377.0,4884.5,Adult,330,163,518,475
2026-05-30T19:01:23,ClownFish,0.844,65.5,97.4,1377.0,5123.1,Adult,348,200,539,484
2026-05-30T19:01:23,YellowCichlid,0.701,7.5,5.4,344.0,6.4,Juvenile,376,79,463,142
2026-05-30T19:01:23,ClownFish,0.772,69.8,94.1,1317.0,6239.3,Adult,379,204,592,491
2026-05-30T19:01:23,ClownFish,0.523,60.0,65.7,1211.0,3903.5,Adult,436,16,635,234
2026-05-30T19:01:23,YellowCichlid,0.713,9.5,7.8,329.0,13.2,Juvenile,336,128,452,223
2026-05-30T19:01:23,ClownFish,0.693,71.3,101.8,1262.0,6664.4,Adult,412,175,639,499
2026-05-30T19:01:23,ClownFish,0.623,52.5,108.8,1211.0,2580.3,Adult,465,189,639,550
2026-05-30T19:01:23,YellowCichlid,0.753,9.8,7.7,319.0,14.6,Juvenile,321,167,445,264
2026-05-30T19:01:23,ClownFish,0.628,44.6,107.0,1211.0,1556.4,Adult,492,205,640,560
2026-05-30T19:01:24,YellowCichlid,0.897,10.1,7.5,319.0,16.0,Adult,311,175,438,269
2026-05-30T19:01:24,YellowCichlid,0.862,10.5,7.5,319.0,18.0,Adult,302,174,434,268
2026-05-30T19:01:24,YellowCichlid,0.760,10.0,7.3,319.0,15.5,Adult,299,173,425,265
2026-05-30T19:01:24,GoldFish,0.529,5.7,7.3,365.0,2.7,Juvenile,224,108,287,188
2026-05-30T19:01:24,YellowCichlid,0.579,10.3,7.6,322.0,17.0,Adult,296,171,424,266
2026-05-30T19:01:24,YellowCichlid,0.787,10.4,7.5,319.0,17.5,Adult,293,168,424,262
2026-05-30T19:01:24,YellowCichlid,0.828,10.3,7.3,319.0,17.0,Adult,293,168,423,260
2026-05-30T19:01:24,YellowCichlid,0.790,10.5,7.5,319.0,18.0,Adult,292,167,424,261
2026-05-30T19:01:24,YellowCichlid,0.732,10.3,7.5,319.0,17.0,Adult,296,170,426,264
2026-05-30T19:01:24,YellowCichlid,0.774,10.2,7.3,319.0,16.5,Adult,297,168,426,260
2026-05-30T19:01:24,YellowCichlid,0.736,10.5,7.5,319.0,18.0,Adult,295,167,427,261
2026-05-30T19:01:24,YellowCichlid,0.769,10.4,7.8,319.0,17.5,Adult,295,164,426,262
2026-05-30T19:01:25,YellowCichlid,0.751,10.4,8.2,319.0,17.5,Adult,294,162,425,265
2026-05-30T19:01:25,YellowCichlid,0.724,10.3,8.1,319.0,17.0,Adult,293,160,423,262
2026-05-30T19:01:25,YellowCichlid,0.690,10.4,8.2,319.0,17.5,Adult,292,161,423,264
2026-05-30T19:01:25,YellowCichlid,0.732,10.5,8.0,319.0,18.0,Adult,291,163,423,264
2026-05-30T19:01:25,YellowCichlid,0.758,10.5,7.9,322.0,18.0,Adult,292,164,423,262
2026-05-30T19:01:25,YellowCichlid,0.801,10.2,7.3,319.0,16.5,Adult,294,169,423,261
2026-05-30T19:01:25,YellowCichlid,0.779,10.1,7.2,319.0,16.0,Adult,296,172,423,263
2026-05-30T19:01:25,YellowCichlid,0.779,10.0,7.2,319.0,15.5,Adult,296,172,422,263
2026-05-30T19:01:25,YellowCichlid,0.649,10.3,7.9,322.0,17.0,Adult,293,165,422,264
2026-05-30T19:01:25,GoldFish,0.617,6.5,11.2,329.0,4.0,Juvenile,222,76,301,213
2026-05-30T19:01:28,ClownFish,0.667,10.7,11.3,319.0,18.6,Adult,505,0,640,142
2026-05-30T19:01:28,ClownFish,0.644,11.1,10.9,333.0,20.9,Adult,506,0,640,132
2026-05-30T19:01:31,GoldFish,0.502,8.3,35.9,618.0,8.4,Juvenile,585,169,639,402
2026-05-30T19:01:31,GoldFish,0.519,7.7,35.4,618.0,6.7,Juvenile,589,168,639,398
2026-05-30T19:01:32,GoldFish,0.537,7.7,32.0,606.0,6.7,Juvenile,588,184,639,396
2026-05-30T19:01:34,ClownFish,0.699,28.8,20.2,688.0,401.1,Adult,472,0,640,118
2026-05-30T19:01:34,ClownFish,0.767,30.0,18.5,688.0,455.3,Adult,465,0,640,108
2026-05-30T19:01:34,ClownFish,0.827,28.8,17.2,606.0,401.1,Adult,449,0,640,114
2026-05-30T19:01:34,ClownFish,0.538,42.0,23.0,865.0,1292.0,Adult,445,0,640,107
2026-05-30T19:01:35,GoldFish,0.527,32.6,13.6,739.0,523.8,Adult,463,0,640,74
2026-05-30T19:01:35,GoldFish,0.528,116.9,48.4,2524.0,24775.3,Adult,454,0,640,77
2026-05-30T19:01:35,ClownFish,0.670,25.7,20.4,561.0,281.8,Adult,456,0,640,146
2026-05-30T19:01:35,ClownFish,0.746,41.5,34.4,946.0,1244.9,Adult,464,0,640,146
2026-05-30T19:01:36,GoldFish,0.641,8.0,10.5,361.0,7.5,Juvenile,206,77,295,194
2026-05-30T19:01:38,ClownFish,0.548,11.0,11.7,369.0,20.3,Adult,141,145,261,272
2026-05-30T19:01:38,ClownFish,0.639,14.3,14.9,369.0,45.8,Adult,134,111,290,273
2026-05-30T19:01:38,ClownFish,0.625,10.7,11.7,365.0,18.6,Adult,138,143,256,272
2026-05-30T19:01:38,ClownFish,0.613,11.3,11.6,365.0,22.1,Adult,133,144,257,272
2026-05-30T19:01:42,GoldFish,0.653,21.3,13.6,337.0,144.9,Adult,164,98,418,260
2026-05-30T19:01:42,GoldFish,0.541,27.4,25.4,618.0,309.9,Adult,461,0,639,165
2026-05-30T19:01:42,GoldFish,0.632,27.0,25.8,606.0,296.4,Adult,460,0,639,171
2026-05-30T19:01:43,GoldFish,0.514,27.3,26.3,606.0,306.5,Adult,459,0,640,174
2026-05-30T19:01:43,GoldFish,0.670,27.6,26.7,606.0,316.8,Adult,456,0,639,177
2026-05-30T19:01:45,GoldFish,0.629,24.4,16.0,322.0,218.3,Adult,125,83,429,283
2026-05-30T19:01:45,GoldFish,0.597,22.8,17.0,344.0,177.9,Adult,119,69,385,268
2026-05-30T19:01:45,GoldFish,0.815,26.8,21.1,433.0,289.9,Adult,121,71,370,267
2026-05-30T19:01:45,GoldFish,0.773,24.4,21.8,473.0,218.3,Adult,130,90,337,275
2026-05-30T19:01:45,PlatyFish,0.535,27.0,35.7,1594.0,338.4,Adult,268,344,336,434
2026-05-30T19:01:45,GoldFish,0.763,16.2,15.0,340.0,63.4,Adult,142,126,333,303
2026-05-30T19:01:46,GoldFish,0.583,28.2,24.2,496.0,338.0,Adult,154,144,382,340
2026-05-30T19:01:47,GoldFish,0.745,9.8,19.5,409.0,13.9,Juvenile,245,69,341,260
2026-05-30T19:01:54,AngelFish,0.843,9.1,8.3,333.0,13.5,Juvenile,249,212,359,312
2026-05-30T19:01:54,AngelFish,0.569,11.7,11.4,352.0,29.0,Juvenile,178,164,312,294
2026-05-30T19:01:55,ButterflyFish,0.629,10.5,11.3,329.0,18.2,Adult,235,224,363,362
2026-05-30T19:01:55,GoldFish,0.583,26.8,16.1,361.0,289.9,Adult,155,60,453,239
2026-05-30T19:01:55,ButterflyFish,0.783,10.5,11.3,329.0,18.2,Adult,233,226,361,364
2026-05-30T19:01:55,ButterflyFish,0.791,11.0,11.3,329.0,21.0,Adult,223,224,357,362
2026-05-30T19:01:55,ButterflyFish,0.571,10.6,11.5,326.0,18.7,Adult,219,219,350,361
2026-05-30T19:01:55,ButterflyFish,0.572,10.7,11.1,333.0,19.3,Adult,201,233,330,367
2026-05-30T19:01:56,AngelFish,0.628,10.6,10.6,329.0,21.4,Juvenile,196,241,326,370
2026-05-30T19:01:58,ButterflyFish,0.504,18.4,18.6,513.0,102.2,Adult,204,241,348,387
2026-05-30T19:01:58,ButterflyFish,0.596,18.0,19.5,505.0,95.5,Adult,197,228,340,383
2026-05-30T19:01:58,ButterflyFish,0.794,26.4,28.4,721.0,310.8,Adult,188,214,335,372
2026-05-30T19:01:59,ButterflyFish,0.641,24.1,27.2,658.0,234.7,Adult,188,194,335,360
2026-05-30T19:01:59,ButterflyFish,0.540,23.7,26.8,644.0,222.9,Adult,189,191,337,358
2026-05-30T19:01:59,ButterflyFish,0.506,21.4,23.7,594.0,162.8,Adult,195,201,340,361
2026-05-30T19:01:59,ButterflyFish,0.629,20.9,23.4,594.0,151.4,Adult,199,207,340,365
2026-05-30T19:01:59,ButterflyFish,0.817,18.1,20.2,513.0,97.2,Adult,199,209,341,367
2026-05-30T19:01:59,ButterflyFish,0.769,21.0,23.5,594.0,153.6,Adult,200,208,342,367
2026-05-30T19:01:59,ButterflyFish,0.750,18.3,20.3,513.0,100.5,Adult,200,208,343,367
2026-05-30T19:01:59,ButterflyFish,0.798,27.5,30.6,777.0,352.4,Adult,200,210,342,368
2026-05-30T19:01:59,ButterflyFish,0.786,18.3,20.8,513.0,100.5,Adult,197,205,340,368
2026-05-30T19:01:59,ButterflyFish,0.802,17.5,19.9,488.0,87.6,Adult,193,204,337,368
2026-05-30T19:02:00,ButterflyFish,0.834,18.3,20.8,513.0,100.5,Adult,193,204,336,367
2026-05-30T19:02:00,ButterflyFish,0.558,21.6,24.0,594.0,167.5,Adult,191,202,337,364
2026-05-30T19:02:00,ButterflyFish,0.713,22.5,25.1,618.0,190.0,Adult,191,204,337,367
2026-05-30T19:02:00,ButterflyFish,0.805,22.8,26.3,644.0,197.9,Adult,195,203,337,367
2026-05-30T19:02:00,ButterflyFish,0.845,18.0,20.9,513.0,95.5,Adult,198,205,339,369
2026-05-30T19:02:00,ButterflyFish,0.834,17.6,20.1,505.0,89.2,Adult,200,207,340,367
2026-05-30T19:02:00,ButterflyFish,0.843,20.9,23.7,594.0,151.4,Adult,200,208,341,368
2026-05-30T19:02:00,ButterflyFish,0.842,19.0,21.4,541.0,112.9,Adult,201,209,342,368
2026-05-30T19:02:00,ButterflyFish,0.766,18.1,19.7,505.0,97.2,Adult,207,209,351,366
2026-05-30T19:02:00,GoldFish,0.764,27.2,16.0,319.0,303.1,Adult,198,57,541,258
2026-05-30T19:02:01,GoldFish,0.834,9.1,17.5,337.0,11.1,Juvenile,329,68,437,276
2026-05-30T19:02:01,GoldFish,0.806,7.9,11.7,337.0,7.2,Juvenile,318,66,412,206
2026-05-30T19:02:04,GoldFish,0.829,10.1,17.2,333.0,15.2,Adult,314,59,436,266
2026-05-30T19:02:05,ButterflyFish,0.677,11.3,14.3,340.0,22.8,Adult,305,197,438,366
2026-05-30T19:02:05,ButterflyFish,0.724,10.5,13.5,337.0,18.2,Adult,283,204,408,365
2026-05-30T19:02:05,ButterflyFish,0.553,10.2,13.8,340.0,16.6,Adult,274,203,395,366
2026-05-30T19:02:05,ButterflyFish,0.621,11.6,14.2,361.0,24.7,Adult,253,204,382,362
2026-05-30T19:02:05,ButterflyFish,0.732,15.4,18.7,473.0,59.1,Adult,242,198,373,357
2026-05-30T19:02:05,ButterflyFish,0.602,13.8,12.2,452.0,42.1,Adult,38,124,161,232
2026-05-30T19:02:06,ButterflyFish,0.650,10.0,12.3,340.0,15.6,Adult,241,213,359,358
2026-05-30T19:02:06,ButterflyFish,0.637,11.0,13.6,356.0,21.0,Adult,242,205,366,358
2026-05-30T19:02:06,ButterflyFish,0.604,16.5,20.2,531.0,73.1,Adult,241,205,366,358
2026-05-30T19:02:06,ButterflyFish,0.686,14.6,18.2,466.0,50.1,Adult,239,201,365,358
2026-05-30T19:02:07,ButterflyFish,0.516,17.3,20.0,531.0,84.6,Adult,239,206,370,357
2026-05-30T19:02:07,ClownFish,0.658,31.6,17.5,322.0,534.8,Adult,134,42,528,260
2026-05-30T19:02:19,GoldFish,0.508,6.8,31.1,606.0,4.6,Juvenile,594,192,639,398
2026-05-30T19:02:31,GoldFish,0.673,5.9,11.7,445.0,3.0,Juvenile,246,75,299,181
2026-05-30T19:02:31,GoldFish,0.757,6.4,10.3,439.0,3.8,Juvenile,250,76,309,170
2026-05-30T19:02:31,GoldFish,0.806,5.6,13.9,459.0,2.6,Juvenile,261,73,310,195
2026-05-30T19:02:31,GoldFish,0.566,6.1,15.3,445.0,3.3,Juvenile,265,75,320,213
2026-05-30T19:02:32,GoldFish,0.599,24.1,14.4,398.0,210.3,Adult,177,72,420,217
2026-05-30T19:02:32,GoldFish,0.591,23.2,12.8,398.0,187.5,Adult,186,78,420,207
2026-05-30T19:02:33,GoldFish,0.560,11.3,17.1,383.0,21.4,Adult,214,186,333,365
2026-05-30T19:02:33,GoldFish,0.531,8.8,15.3,361.0,10.0,Juvenile,318,69,416,239
2026-05-30T19:02:33,GoldFish,0.528,8.4,15.7,361.0,8.7,Juvenile,329,70,423,245
2026-05-30T19:02:33,GoldFish,0.671,8.8,16.0,361.0,10.0,Juvenile,328,71,426,249
2026-05-30T19:02:34,GoldFish,0.526,9.5,16.3,365.0,12.6,Juvenile,326,71,431,250
2026-05-30T19:02:34,GoldFish,0.591,9.5,16.2,365.0,12.6,Juvenile,323,71,427,249
2026-05-30T19:02:35,GoldFish,0.562,15.0,13.3,333.0,50.2,Adult,330,68,511,229
2026-05-30T19:02:35,GoldFish,0.545,11.9,10.6,319.0,25.0,Adult,489,192,639,326
2026-05-30T19:02:35,ClownFish,0.767,16.4,20.6,365.0,70.0,Adult,460,65,640,292
2026-05-30T19:02:35,ClownFish,0.799,24.0,20.5,326.0,227.9,Adult,344,37,640,289
2026-05-30T19:02:35,ClownFish,0.523,22.8,15.5,326.0,194.4,Adult,346,32,627,223
2026-05-30T19:02:35,GoldFish,0.516,205.7,142.2,4326.0,136517.0,Adult,449,155,640,287
2026-05-30T19:02:35,GoldFish,0.576,17.2,11.8,326.0,75.9,Adult,428,128,640,273
2026-05-30T19:02:36,ClownFish,0.534,24.2,20.8,329.0,233.9,Adult,345,0,640,254
2026-05-30T19:02:36,ClownFish,0.697,24.1,16.5,333.0,230.9,Adult,349,51,640,250
2026-05-30T19:02:36,ClownFish,0.705,24.5,18.8,329.0,243.0,Adult,341,21,640,251
2026-05-30T19:02:36,ClownFish,0.739,25.2,17.9,326.0,265.2,Adult,330,32,640,252
2026-05-30T19:02:36,ClownFish,0.657,24.6,18.9,326.0,246.1,Adult,337,18,640,251
2026-05-30T19:02:37,MorishIdol,0.525,201.4,534.2,4326.0,124907.1,Adult,0,97,187,593
2026-05-30T19:02:37,ClownFish,0.518,23.6,21.1,337.0,216.4,Adult,359,0,640,251
2026-05-30T19:02:37,GoldFish,0.603,9.6,10.9,326.0,13.1,Juvenile,348,70,466,204
2026-05-30T19:02:37,MorishIdol,0.544,175.3,465.7,3786.0,82253.0,Adult,0,100,186,594
2026-05-30T19:02:37,GoldFish,0.774,13.2,20.1,340.0,34.1,Adult,289,68,445,305
2026-05-30T19:02:38,GoldFish,0.539,11.9,17.7,361.0,25.0,Adult,262,138,394,335
2026-05-30T19:02:38,GoldFish,0.707,19.3,18.8,379.0,107.5,Adult,267,62,471,261
2026-05-30T19:02:38,GoldFish,0.507,10.0,8.6,369.0,14.8,Adult,273,254,382,348
2026-05-30T19:02:39,AngelFish,0.602,9.1,11.3,383.0,13.5,Juvenile,281,172,376,291
2026-05-30T19:02:39,AngelFish,0.882,9.6,11.2,383.0,15.9,Juvenile,275,175,376,292
2026-05-30T19:02:39,AngelFish,0.765,9.4,11.1,379.0,14.9,Juvenile,273,176,373,294
2026-05-30T19:02:39,AngelFish,0.507,8.6,11.0,379.0,11.3,Juvenile,283,177,374,294
2026-05-30T19:02:40,BlueTang,0.609,10.3,12.0,340.0,19.1,Juvenile,285,170,407,312
2026-05-30T19:02:40,BlueTang,0.569,10.6,12.1,337.0,20.8,Juvenile,283,169,409,313
2026-05-30T19:02:40,BlueTang,0.805,10.7,12.1,337.0,21.4,Juvenile,282,170,409,314
2026-05-30T19:02:40,BlueTang,0.759,10.4,12.1,337.0,19.7,Juvenile,283,171,407,315
2026-05-30T19:02:40,BlueTang,0.818,10.7,12.3,337.0,21.4,Juvenile,282,170,410,316
2026-05-30T19:02:41,BlueTang,0.789,10.5,12.2,337.0,20.3,Juvenile,283,170,408,315
2026-05-30T19:02:41,BlueTang,0.773,10.8,12.4,340.0,22.0,Juvenile,282,169,409,315
2026-05-30T19:02:41,BlueTang,0.757,10.8,12.4,340.0,22.0,Juvenile,282,169,410,316
2026-05-30T19:02:41,BlueTang,0.780,10.9,12.3,340.0,22.7,Juvenile,282,170,411,315
2026-05-30T19:02:41,BlueTang,0.726,10.8,12.4,340.0,22.0,Juvenile,282,169,410,315
2026-05-30T19:02:41,BlueTang,0.606,10.3,12.2,340.0,19.1,Juvenile,287,170,409,314
2026-05-30T19:02:41,BlueTang,0.674,10.5,12.4,340.0,20.3,Juvenile,285,169,409,315
2026-05-30T19:02:41,BlueTang,0.752,10.6,12.4,340.0,20.8,Juvenile,285,169,410,315
2026-05-30T19:02:41,BlueTang,0.518,10.2,12.1,340.0,18.6,Juvenile,290,170,410,313
2026-05-30T19:02:42,BlueTang,0.515,10.2,12.2,340.0,18.6,Juvenile,290,169,410,313
2026-05-30T19:02:42,ClownFish,0.608,11.3,34.6,606.0,22.1,Adult,564,189,639,418
2026-05-30T19:02:42,ClownFish,0.596,10.4,34.6,594.0,17.1,Adult,569,181,639,415
2026-05-30T19:02:42,ClownFish,0.574,43.6,61.6,1683.0,1450.7,Adult,444,299,548,446
2026-05-30T19:02:42,ClownFish,0.533,77.2,88.0,1442.0,8527.0,Adult,423,89,638,334
2026-05-30T19:02:42,ClownFish,0.718,46.0,105.9,1442.0,1712.9,Adult,416,143,544,438
2026-05-30T19:02:42,ClownFish,0.583,44.1,67.9,1514.0,1502.9,Adult,428,257,545,437
2026-05-30T19:02:42,ClownFish,0.568,10.5,38.2,594.0,17.6,Adult,568,169,639,427
2026-05-30T19:02:42,ClownFish,0.695,55.0,112.3,1514.0,2980.6,Adult,389,136,535,434
2026-05-30T19:02:42,ClownFish,0.764,51.9,63.9,1781.0,2490.0,Adult,398,285,515,429
2026-05-30T19:02:42,ClownFish,0.578,75.0,132.7,1514.0,7796.0,Adult,345,84,544,436
2026-05-30T19:02:43,ClownFish,0.615,70.5,125.5,1514.0,6435.3,Adult,314,90,501,423
2026-05-30T19:02:43,ClownFish,0.546,51.4,75.4,1781.0,2416.4,Adult,375,252,491,422
2026-05-30T19:02:43,ClownFish,0.730,85.9,130.0,1514.0,11873.0,Adult,281,79,509,424
2026-05-30T19:02:43,ClownFish,0.682,60.3,130.4,1514.0,3964.3,Adult,338,76,498,422
2026-05-30T19:02:43,ClownFish,0.778,85.9,127.0,1514.0,11873.0,Adult,262,86,490,423
2026-05-30T19:02:43,ClownFish,0.524,83.4,90.1,1683.0,10834.2,Adult,122,170,321,385
2026-05-30T19:02:44,ClownFish,0.643,79.8,99.6,1594.0,9449.1,Adult,101,76,302,327
2026-05-30T19:02:44,GoldFish,0.563,54.7,58.4,1893.0,2500.0,Adult,102,291,218,415
2026-05-30T19:02:44,GoldFish,0.609,57.5,64.6,1893.0,2906.8,Adult,76,286,198,423
2026-05-30T19:02:44,GoldFish,0.611,74.6,67.1,1594.0,6381.0,Adult,0,164,188,333
2026-05-30T19:02:44,GoldFish,0.587,59.0,55.0,1781.0,3141.9,Adult,31,311,164,435
2026-05-30T19:02:47,GoldFish,0.737,21.7,49.6,606.0,153.2,Adult,496,93,640,422
2026-05-30T19:02:47,GoldFish,0.611,28.5,48.6,606.0,349.0,Adult,450,90,639,412
2026-05-30T19:02:47,GoldFish,0.707,27.9,47.1,606.0,327.3,Adult,454,88,639,400
2026-05-30T19:02:47,GoldFish,0.527,28.8,46.0,606.0,360.2,Adult,449,94,640,399
2026-05-30T19:02:47,GoldFish,0.507,29.7,46.8,606.0,395.3,Adult,443,93,640,403
2026-05-30T19:02:47,GoldFish,0.569,30.9,46.6,606.0,445.5,Adult,435,90,640,399
2026-05-30T19:02:48,GoldFish,0.548,29.1,45.9,606.0,371.7,Adult,447,92,640,396
2026-05-30T19:02:48,GoldFish,0.616,30.8,46.3,606.0,441.2,Adult,436,93,640,400
2026-05-30T19:02:48,GoldFish,0.559,31.1,47.2,606.0,454.3,Adult,434,90,640,403
2026-05-30T19:02:49,GoldFish,0.591,28.5,48.0,606.0,349.0,Adult,450,88,639,406
2026-05-30T19:02:49,GoldFish,0.729,27.9,46.6,606.0,327.3,Adult,454,91,639,400
2026-05-30T19:02:49,GoldFish,0.747,27.0,46.8,606.0,296.4,Adult,460,91,639,401
2026-05-30T19:02:49,GoldFish,0.744,26.3,46.8,606.0,273.8,Adult,465,89,639,399
2026-05-30T19:02:49,GoldFish,0.748,26.9,48.1,606.0,293.1,Adult,461,87,639,406
2026-05-30T19:02:49,GoldFish,0.625,26.7,58.4,606.0,286.6,Adult,463,86,640,473
2026-05-30T19:02:49,GoldFish,0.681,26.1,61.9,606.0,267.6,Adult,467,84,640,494
2026-05-30T19:02:49,GoldFish,0.527,25.2,50.5,606.0,240.7,Adult,472,81,639,416
